label,url,brand,name,skin_tone,skin_type,concern_1,concern_2,formulation,price,image
foundation,https://www.sephora.com/product/ilia-super-serum-skin-tint-spf-40-P455418?skuId=2333698&icid2=products grid:p455418:product,ILIA,Super Serum Skin Tint SPF 40 Skincare Foundation,Very Light,,,,Liquid,$48.00,https://www.sephora.com/productimages/sku/s2333698-main-zoom.jpg?imwidth=612
foundation,https://www.sephora.com/product/ilia-super-serum-skin-tint-spf-40-P455418?skuId=2333664,ILIA,Super Serum Skin Tint SPF 40 Skincare Foundation,Light,,,,Liquid,$48.00,https://www.sephora.com/productimages/sku/s2333664-main-zoom.jpg?imwidth=612
foundation,https://www.sephora.com/product/ilia-super-serum-skin-tint-spf-40-P455418?skuId=2333607,ILIA,Super Serum Skin Tint SPF 40 Skincare Foundation,Medium,,,,Liquid,$48.00,https://www.sephora.com/productimages/sku/s2333607-main-zoom.jpg?imwidth=612
foundation,https://www.sephora.com/product/ilia-super-serum-skin-tint-spf-40-P455418?skuId=2428795,ILIA,Super Serum Skin Tint SPF 40 Skincare Foundation,Medium Deep,,,,Liquid,$48.00,https://www.sephora.com/productimages/sku/s2428795-main-zoom.jpg?imwidth=612
foundation,https://www.sephora.com/product/ilia-super-serum-skin-tint-spf-40-P455418?skuId=2333565,ILIA,Super Serum Skin Tint SPF 40 Skincare Foundation,Deep,,,,Liquid,$48.00,https://www.sephora.com/productimages/sku/s2333565-main-zoom.jpg?imwidth=612
foundation,https://www.sephora.com/product/ilia-super-serum-skin-tint-spf-40-P455418?skuId=2428852,ILIA,Super Serum Skin Tint SPF 40 Skincare Foundation,Extra Deep,,,,Liquid,$48.00,https://www.sephora.com/productimages/sku/s2428852-main-zoom.jpg?imwidth=612
foundation,https://www.sephora.com/product/triclone-skin-tech-medium-coverage-foundation-with-fermented-arnica-P502185?skuId=2597490,HAUS LABS BY LADY GAGA,Triclone Skin Tech Medium Coverage Foundation with Fermented Arnica,Very Light,,Redness,,Liquid,$45.00,https://www.sephora.com/productimages/sku/s2597490-main-zoom.jpg?imwidth=612
foundation,https://www.sephora.com/product/triclone-skin-tech-medium-coverage-foundation-with-fermented-arnica-P502185?skuId=2597433,HAUS LABS BY LADY GAGA,Triclone Skin Tech Medium Coverage Foundation with Fermented Arnica,Light,,Redness,,Liquid,$45.00,https://www.sephora.com/productimages/sku/s2597433-main-zoom.jpg?imwidth=612
foundation,https://www.sephora.com/product/triclone-skin-tech-medium-coverage-foundation-with-fermented-arnica-P502185?skuId=2597276,HAUS LABS BY LADY GAGA,Triclone Skin Tech Medium Coverage Foundation with Fermented Arnica,Medium,,Redness,,Liquid,$45.00,https://www.sephora.com/productimages/sku/s2597276-main-zoom.jpg?imwidth=612
foundation,https://www.sephora.com/product/triclone-skin-tech-medium-coverage-foundation-with-fermented-arnica-P502185?skuId=2597201,HAUS LABS BY LADY GAGA,Triclone Skin Tech Medium Coverage Foundation with Fermented Arnica,Medium Deep,,Redness,,Liquid,$45.00,https://www.sephora.com/productimages/sku/s2597201-main-zoom.jpg?imwidth=612
foundation,https://www.sephora.com/product/triclone-skin-tech-medium-coverage-foundation-with-fermented-arnica-P502185?skuId=2597102,HAUS LABS BY LADY GAGA,Triclone Skin Tech Medium Coverage Foundation with Fermented Arnica,Deep,,Redness,,Liquid,$45.00,https://www.sephora.com/productimages/sku/s2597102-main-zoom.jpg?imwidth=612
foundation,https://www.sephora.com/product/triclone-skin-tech-medium-coverage-foundation-with-fermented-arnica-P502185?skuId=2597037,HAUS LABS BY LADY GAGA,Triclone Skin Tech Medium Coverage Foundation with Fermented Arnica,Extra Deep,,Redness,,Liquid,$45.00,https://www.sephora.com/productimages/sku/s2597037-main-zoom.jpg?imwidth=612
foundation,https://www.sephora.com/product/reveal-real-soft-radiant-skin-tint-P511752?skuId=2760593,SEPHORA,Reveal The Real 12HR Soft Radiant Skin Tint,Very Light,"Normal, Dry, Combination, and Oily ",Uneven texture,,Liquid,$22.00,https://www.sephora.com/productimages/sku/s2760593-main-zoom.jpg?imwidth=612
foundation,https://www.sephora.com/product/reveal-real-soft-radiant-skin-tint-P511752?skuId=2760635,SEPHORA,Reveal The Real 12HR Soft Radiant Skin Tint,Light,"Normal, Dry, Combination, and Oily ",Uneven texture,,Liquid,$22.00,https://www.sephora.com/productimages/sku/s2760635-main-zoom.jpg?imwidth=612
foundation,https://www.sephora.com/product/reveal-real-soft-radiant-skin-tint-P511752?skuId=2760676,SEPHORA,Reveal The Real 12HR Soft Radiant Skin Tint,Medium,"Normal, Dry, Combination, and Oily ",Uneven texture,,Liquid,$22.00,https://www.sephora.com/productimages/sku/s2760676-main-zoom.jpg?imwidth=612
foundation,https://www.sephora.com/product/reveal-real-soft-radiant-skin-tint-P511752?skuId=2760718,SEPHORA,Reveal The Real 12HR Soft Radiant Skin Tint,Medium Deep,"Normal, Dry, Combination, and Oily ",Uneven texture,,Liquid,$22.00,https://www.sephora.com/productimages/sku/s2760718-main-zoom.jpg?imwidth=612
foundation,https://www.sephora.com/product/reveal-real-soft-radiant-skin-tint-P511752?skuId=2760767,SEPHORA,Reveal The Real 12HR Soft Radiant Skin Tint,Deep,"Normal, Dry, Combination, and Oily ",Uneven texture,,Liquid,$22.00,https://www.sephora.com/productimages/sku/s2760767-main-zoom.jpg?imwidth=612
foundation,https://www.sephora.com/product/reveal-real-soft-radiant-skin-tint-P511752?skuId=2760783,SEPHORA,Reveal The Real 12HR Soft Radiant Skin Tint,Extra Deep,"Normal, Dry, Combination, and Oily ",Uneven texture,,Liquid,$22.00,https://www.sephora.com/productimages/sku/s2760783-main-zoom.jpg?imwidth=612
foundation,https://www.sephora.com/product/charlotte-tilbury-unreal-skin-sheer-glow-tint-hydrating-foundation-stick-P511699?skuId=2765667,Charlotte Tilbury,Unreal Skin Sheer Glow Tint Hydrating Foundation Stick,Very Light,,,,Liquid,$46.00,https://www.sephora.com/productimages/sku/s2765667-main-zoom.jpg?imwidth=612
foundation,https://www.sephora.com/product/charlotte-tilbury-unreal-skin-sheer-glow-tint-hydrating-foundation-stick-P511699?skuId=2765683,Charlotte Tilbury,Unreal Skin Sheer Glow Tint Hydrating Foundation Stick,Light,,,,Liquid,$46.00,https://www.sephora.com/productimages/sku/s2765683-main-zoom.jpg?imwidth=612
foundation,https://www.sephora.com/product/charlotte-tilbury-unreal-skin-sheer-glow-tint-hydrating-foundation-stick-P511699?skuId=2765717,Charlotte Tilbury,Unreal Skin Sheer Glow Tint Hydrating Foundation Stick,Medium,,,,Liquid,$46.00,https://www.sephora.com/productimages/sku/s2765717-main-zoom.jpg?imwidth=612
foundation,https://www.sephora.com/product/charlotte-tilbury-unreal-skin-sheer-glow-tint-hydrating-foundation-stick-P511699?skuId=2765758,Charlotte Tilbury,Unreal Skin Sheer Glow Tint Hydrating Foundation Stick,Medium Deep,,,,Liquid,$46.00,https://www.sephora.com/productimages/sku/s2765758-main-zoom.jpg?imwidth=612
foundation,https://www.sephora.com/product/charlotte-tilbury-unreal-skin-sheer-glow-tint-hydrating-foundation-stick-P511699?skuId=2765790,Charlotte Tilbury,Unreal Skin Sheer Glow Tint Hydrating Foundation Stick,Deep,,,,Liquid,$46.00,https://www.sephora.com/productimages/sku/s2765790-main-zoom.jpg?imwidth=612
foundation,https://www.sephora.com/product/charlotte-tilbury-unreal-skin-sheer-glow-tint-hydrating-foundation-stick-P511699?skuId=2765857,Charlotte Tilbury,Unreal Skin Sheer Glow Tint Hydrating Foundation Stick,Extra Deep,,,,Liquid,$46.00,https://www.sephora.com/productimages/sku/s2765857-main-zoom.jpg?imwidth=612
foundation,https://www.sephora.com/product/luminous-silk-foundation-P393401?skuId=1359553,Armani Beauty,Luminous Silk Perfect Glow Flawless Oil-Free Foundation,Very Light,,,,Liquid,$69.00,https://www.sephora.com/productimages/sku/s1359553-main-zoom.jpg?imwidth=612
foundation,https://www.sephora.com/product/luminous-silk-foundation-P393401?skuId=1359538,Armani Beauty,Luminous Silk Perfect Glow Flawless Oil-Free Foundation,Light,,,,Liquid,$69.00,https://www.sephora.com/productimages/sku/s1359538-main-zoom.jpg?imwidth=612
foundation,https://www.sephora.com/product/luminous-silk-foundation-P393401?skuId=2340891,Armani Beauty,Luminous Silk Perfect Glow Flawless Oil-Free Foundation,Medium,,,,Liquid,$69.00,https://www.sephora.com/productimages/sku/s2340891-main-zoom.jpg?imwidth=612
foundation,https://www.sephora.com/product/luminous-silk-foundation-P393401?skuId=1359678,Armani Beauty,Luminous Silk Perfect Glow Flawless Oil-Free Foundation,Medium Deep,,,,Liquid,$69.00,https://www.sephora.com/productimages/sku/s1359678-main-zoom.jpg?imwidth=612
foundation,https://www.sephora.com/product/luminous-silk-foundation-P393401?skuId=1359702,Armani Beauty,Luminous Silk Perfect Glow Flawless Oil-Free Foundation,Deep,,,,Liquid,$69.00,https://www.sephora.com/productimages/sku/s1359702-main-zoom.jpg?imwidth=612
foundation,https://www.sephora.com/product/luminous-silk-foundation-P393401?skuId=2079200,Armani Beauty,Luminous Silk Perfect Glow Flawless Oil-Free Foundation,Extra Deep,,,,Liquid,$69.00,https://www.sephora.com/productimages/sku/s2079200-main-zoom.jpg?imwidth=612
foundation,https://www.sephora.com/product/hollywood-flawless-filter-P434104?skuId=2116010,Charlotte Tilbury,Hollywood Flawless Filter,Very Light,,,,Liquid,$49.00,https://www.sephora.com/productimages/sku/s2116010-main-zoom.jpg?imwidth=612
foundation,https://www.sephora.com/product/hollywood-flawless-filter-P434104?skuId=2419786,Charlotte Tilbury,Hollywood Flawless Filter,Light,,,,Liquid,$49.00,https://www.sephora.com/productimages/sku/s2419786-main-zoom.jpg?imwidth=612
foundation,https://www.sephora.com/product/hollywood-flawless-filter-P434104?skuId=2419794,Charlotte Tilbury,Hollywood Flawless Filter,Medium,,,,Liquid,$49.00,https://www.sephora.com/productimages/sku/s2419794-main-zoom.jpg?imwidth=612
foundation,https://www.sephora.com/product/hollywood-flawless-filter-P434104?skuId=2419802,Charlotte Tilbury,Hollywood Flawless Filter,Medium Deep,,,,Liquid,$49.00,https://www.sephora.com/productimages/sku/s2419802-main-zoom.jpg?imwidth=612
foundation,https://www.sephora.com/product/hollywood-flawless-filter-P434104?skuId=2419810,Charlotte Tilbury,Hollywood Flawless Filter,Deep,,,,Liquid,$49.00,https://www.sephora.com/productimages/sku/s2419810-main-zoom.jpg?imwidth=612
foundation,https://www.sephora.com/product/hollywood-flawless-filter-P434104?skuId=2419828,Charlotte Tilbury,Hollywood Flawless Filter,Extra Deep,,,,Liquid,$49.00,https://www.sephora.com/productimages/sku/s2419828-main-zoom.jpg?imwidth=612
foundation,https://www.sephora.com/product/dior-forever-skin-perfect-24h-multi-use-foundation-P512480?skuId=2789105&icid2=products%20grid:p512480:product,Dior,Forever Skin Perfect 24H Multi-Use Foundation Stick,Very Light,,,,Stick,$52.00,https://www.sephora.com/productimages/sku/s2789105-main-zoom.jpg?imwidth=612
foundation,https://www.sephora.com/product/dior-forever-skin-perfect-24h-multi-use-foundation-P512480?skuId=2789121,Dior,Forever Skin Perfect 24H Multi-Use Foundation Stick,Light,,,,Stick,$52.00,https://www.sephora.com/productimages/sku/s2789121-main-zoom.jpg?imwidth=612
foundation,https://www.sephora.com/product/dior-forever-skin-perfect-24h-multi-use-foundation-P512480?skuId=2789212,Dior,Forever Skin Perfect 24H Multi-Use Foundation Stick,Medium,,,,Stick,$52.00,https://www.sephora.com/productimages/sku/s2789212-main-zoom.jpg?imwidth=612
foundation,https://www.sephora.com/product/dior-forever-skin-perfect-24h-multi-use-foundation-P512480?skuId=2789238,Dior,Forever Skin Perfect 24H Multi-Use Foundation Stick,Medium Deep,,,,Stick,$52.00,https://www.sephora.com/productimages/sku/s2789238-main-zoom.jpg?imwidth=612
foundation,https://www.sephora.com/product/dior-forever-skin-perfect-24h-multi-use-foundation-P512480?skuId=2789253,Dior,Forever Skin Perfect 24H Multi-Use Foundation Stick,Deep,,,,Stick,$52.00,https://www.sephora.com/productimages/sku/s2789253-main-zoom.jpg?imwidth=612
foundation,https://www.sephora.com/product/dior-forever-skin-perfect-24h-multi-use-foundation-P512480?skuId=2789279,Dior,Forever Skin Perfect 24H Multi-Use Foundation Stick,Extra Deep,,,,Stick,$52.00,https://www.sephora.com/productimages/sku/s2789279-main-zoom.jpg?imwidth=612
foundation,https://www.sephora.com/product/makeup-by-mario-surreal-foundation-P503679?skuId=2620235,MAKEUP BY MARIO,SurrealSkin™ Liquid Foundation,Very Light,,,,Liquid,$42.00,https://www.sephora.com/productimages/sku/s2620235-main-zoom.jpg?imwidth=612
foundation,https://www.sephora.com/product/makeup-by-mario-surreal-foundation-P503679?skuId=2620268,MAKEUP BY MARIO,SurrealSkin™ Liquid Foundation,Light,,,,Liquid,$42.00,https://www.sephora.com/productimages/sku/s2620268-main-zoom.jpg?imwidth=612
foundation,https://www.sephora.com/product/makeup-by-mario-surreal-foundation-P503679?skuId=2620359,MAKEUP BY MARIO,SurrealSkin™ Liquid Foundation,Medium,,,,Liquid,$42.00,https://www.sephora.com/productimages/sku/s2620359-main-zoom.jpg?imwidth=612
foundation,https://www.sephora.com/product/makeup-by-mario-surreal-foundation-P503679?skuId=2620425,MAKEUP BY MARIO,SurrealSkin™ Liquid Foundation,Medium Deep,,,,Liquid,$42.00,https://www.sephora.com/productimages/sku/s2620425-main-zoom.jpg?imwidth=612
foundation,https://www.sephora.com/product/makeup-by-mario-surreal-foundation-P503679?skuId=2620482,MAKEUP BY MARIO,SurrealSkin™ Liquid Foundation,Deep,,,,Liquid,$42.00,https://www.sephora.com/productimages/sku/s2620482-main-zoom.jpg?imwidth=612
foundation,https://www.sephora.com/product/makeup-by-mario-surreal-foundation-P503679?skuId=2620482,MAKEUP BY MARIO,SurrealSkin™ Liquid Foundation,Extra Deep,,,,Liquid,$42.00,https://www.sephora.com/productimages/sku/s2620482-main-zoom.jpg?imwidth=612
foundation,https://www.sephora.com/product/nars-light-reflecting-advance-skincare-foundation-P479338?skuId=2514743,NARS,Light Reflecting Advanced Skincare Foundation,Very Light,,Uneven texture,Redness,Liquid,$52.00,https://www.sephora.com/productimages/sku/s2514743-main-zoom.jpg?imwidth=612
foundation,https://www.sephora.com/product/nars-light-reflecting-advance-skincare-foundation-P479338?skuId=2514719,NARS,Light Reflecting Advanced Skincare Foundation,Light,,Uneven texture,Redness,Liquid,$52.00,https://www.sephora.com/productimages/sku/s2514719-main-zoom.jpg?imwidth=612
foundation,https://www.sephora.com/product/nars-light-reflecting-advance-skincare-foundation-P479338?skuId=2514628,NARS,Light Reflecting Advanced Skincare Foundation,Medium,,Uneven texture,Redness,Liquid,$52.00,https://www.sephora.com/productimages/sku/s2514628-main-zoom.jpg?imwidth=612
foundation,https://www.sephora.com/product/nars-light-reflecting-advance-skincare-foundation-P479338?skuId=2514552,NARS,Light Reflecting Advanced Skincare Foundation,Medium Deep,,Uneven texture,Redness,Liquid,$52.00,https://www.sephora.com/productimages/sku/s2514552-main-zoom.jpg?imwidth=612
foundation,https://www.sephora.com/product/nars-light-reflecting-advance-skincare-foundation-P479338?skuId=2514461,NARS,Light Reflecting Advanced Skincare Foundation,Deep,,Uneven texture,Redness,Liquid,$52.00,https://www.sephora.com/productimages/sku/s2514461-main-zoom.jpg?imwidth=612
foundation,https://www.sephora.com/product/nars-light-reflecting-advance-skincare-foundation-P479338?skuId=2550481,NARS,Light Reflecting Advanced Skincare Foundation,Extra Deep,,Uneven texture,Redness,Liquid,$52.00,https://www.sephora.com/productimages/sku/s2550481-main-zoom.jpg?imwidth=612
foundation,https://www.sephora.com/product/urban-decay-face-bond-self-setting-waterproof-foundation-P509419?skuId=2741684,Urban Decay,Face Bond Self Setting Waterproof Foundation,Very Light,"Normal, Combination, and Oily",Dark spots,Acne/Blemishes,Liquid,$40.00,https://www.sephora.com/productimages/sku/s2741684-main-zoom.jpg?imwidth=612
foundation,https://www.sephora.com/product/urban-decay-face-bond-self-setting-waterproof-foundation-P509419?skuId=2741833,Urban Decay,Face Bond Self Setting Waterproof Foundation,Light,"Normal, Combination, and Oily",Dark spots,Acne/Blemishes,Liquid,$40.00,https://www.sephora.com/productimages/sku/s2741734-main-zoom.jpg?imwidth=612
foundation,https://www.sephora.com/product/urban-decay-face-bond-self-setting-waterproof-foundation-P509419?skuId=2741833,Urban Decay,Face Bond Self Setting Waterproof Foundation,Medium,"Normal, Combination, and Oily",Dark spots,Acne/Blemishes,Liquid,$40.00,https://www.sephora.com/productimages/sku/s2741833-main-zoom.jpg?imwidth=612
foundation,https://www.sephora.com/product/urban-decay-face-bond-self-setting-waterproof-foundation-P509419?skuId=2741916,Urban Decay,Face Bond Self Setting Waterproof Foundation,Medium Deep,"Normal, Combination, and Oily",Dark spots,Acne/Blemishes,Liquid,$40.00,https://www.sephora.com/productimages/sku/s2741916-main-zoom.jpg?imwidth=612
foundation,https://www.sephora.com/product/urban-decay-face-bond-self-setting-waterproof-foundation-P509419?skuId=2741999,Urban Decay,Face Bond Self Setting Waterproof Foundation,Deep,"Normal, Combination, and Oily",Dark spots,Acne/Blemishes,Liquid,$40.00,https://www.sephora.com/productimages/sku/s2741999-main-zoom.jpg?imwidth=612
foundation,https://www.sephora.com/product/urban-decay-face-bond-self-setting-waterproof-foundation-P509419?skuId=2742047,Urban Decay,Face Bond Self Setting Waterproof Foundation,Extra Deep,"Normal, Combination, and Oily",Dark spots,Acne/Blemishes,Liquid,$40.00,https://www.sephora.com/productimages/sku/s2742047-main-zoom.jpg?imwidth=612
foundation,https://www.sephora.com/product/prada-beauty-reveal-skin-optimizing-refillable-soft-matte-foundation-P509693?skuId=2754323,Prada Beauty,Reveal Skin-Optimizing Refillable Soft Matte Foundation,Very Light,,Uneven texture,,Liquid,$70.00,https://www.sephora.com/productimages/sku/s2754323-main-zoom.jpg?imwidth=612
foundation,https://www.sephora.com/product/prada-beauty-reveal-skin-optimizing-refillable-soft-matte-foundation-P509693?skuId=2754349,Prada Beauty,Reveal Skin-Optimizing Refillable Soft Matte Foundation,Light,,Uneven texture,,Liquid,$70.00,https://www.sephora.com/productimages/sku/s2754349-main-zoom.jpg?imwidth=612
foundation,https://www.sephora.com/product/prada-beauty-reveal-skin-optimizing-refillable-soft-matte-foundation-P509693?skuId=2754448,Prada Beauty,Reveal Skin-Optimizing Refillable Soft Matte Foundation,Medium,,Uneven texture,,Liquid,$70.00,https://www.sephora.com/productimages/sku/s2754448-main-zoom.jpg?imwidth=612
foundation,https://www.sephora.com/product/prada-beauty-reveal-skin-optimizing-refillable-soft-matte-foundation-P509693?skuId=2754521,Prada Beauty,Reveal Skin-Optimizing Refillable Soft Matte Foundation,Medium Deep,,Uneven texture,,Liquid,$70.00,https://www.sephora.com/productimages/sku/s2754521-main-zoom.jpg?imwidth=612
foundation,https://www.sephora.com/product/prada-beauty-reveal-skin-optimizing-refillable-soft-matte-foundation-P509693?skuId=2754208,Prada Beauty,Reveal Skin-Optimizing Refillable Soft Matte Foundation,Deep,,Uneven texture,,Liquid,$70.00,https://www.sephora.com/productimages/sku/s2754208-main-zoom.jpg?imwidth=612
foundation,https://www.sephora.com/product/prada-beauty-reveal-skin-optimizing-refillable-soft-matte-foundation-P509693?skuId=2754257,Prada Beauty,Reveal Skin-Optimizing Refillable Soft Matte Foundation,Extra Deep,,Uneven texture,,Liquid,$70.00,https://www.sephora.com/productimages/sku/s2754257-main-zoom.jpg?imwidth=612
foundation,https://www.sephora.com/product/rare-beauty-by-selena-gomez-liquid-touch-weightless-foundation-P49848448?skuId=2354124,Rare Beauty by Selena Gomez,Liquid Touch Weightless Foundation,Very Light,Normal and Combination,,,Liquid,$15.00,https://www.sephora.com/productimages/sku/s2354124-main-zoom.jpg?imwidth=612
foundation,https://www.sephora.com/product/rare-beauty-by-selena-gomez-liquid-touch-weightless-foundation-P49848448?skuId=2361178,Rare Beauty by Selena Gomez,Liquid Touch Weightless Foundation,Light,Normal and Combination,,,Liquid,$15.00,https://www.sephora.com/productimages/sku/s2361178-main-zoom.jpg?imwidth=612
foundation,https://www.sephora.com/product/rare-beauty-by-selena-gomez-liquid-touch-weightless-foundation-P49848448?skuId=2361244,Rare Beauty by Selena Gomez,Liquid Touch Weightless Foundation,Medium,Normal and Combination,,,Liquid,$15.00,https://www.sephora.com/productimages/sku/s2361244-main-zoom.jpg?imwidth=612
foundation,https://www.sephora.com/product/rare-beauty-by-selena-gomez-liquid-touch-weightless-foundation-P49848448?skuId=2361400,Rare Beauty by Selena Gomez,Liquid Touch Weightless Foundation,Medium Deep,Normal and Combination,,,Liquid,$15.00,https://www.sephora.com/productimages/sku/s2361400-main-zoom.jpg?imwidth=612
foundation,https://www.sephora.com/product/rare-beauty-by-selena-gomez-liquid-touch-weightless-foundation-P49848448?skuId=2361533,Rare Beauty by Selena Gomez,Liquid Touch Weightless Foundation,Deep,Normal and Combination,,,Liquid,$15.00,https://www.sephora.com/productimages/sku/s2361533-main-zoom.jpg?imwidth=612
foundation,https://www.sephora.com/product/rare-beauty-by-selena-gomez-liquid-touch-weightless-foundation-P49848448?skuId=2361590,Rare Beauty by Selena Gomez,Liquid Touch Weightless Foundation,Extra Deep,Normal and Combination,,,Liquid,$15.00,https://www.sephora.com/productimages/sku/s2361590-main-zoom.jpg?imwidth=612
foundation,https://www.sephora.com/product/weightless-skin-oil-controlling-foundation-spf-15-with-hyaluronic-acid-P512885?skuId=2798635,Bobbi Brown,Weightless Skin Oil-Controlling Foundation SPF 15 with Hyaluronic Acid,Very Light,,,,Liquid,$57.00,https://www.sephora.com/productimages/sku/s2798635-main-zoom.jpg?imwidth=612
foundation,https://www.sephora.com/product/weightless-skin-oil-controlling-foundation-spf-15-with-hyaluronic-acid-P512885?skuId=2798502,Bobbi Brown,Weightless Skin Oil-Controlling Foundation SPF 15 with Hyaluronic Acid,Light,,,,Liquid,$57.00,https://www.sephora.com/productimages/sku/s2798502-main-zoom.jpg?imwidth=612
foundation,https://www.sephora.com/product/weightless-skin-oil-controlling-foundation-spf-15-with-hyaluronic-acid-P512885?skuId=2798387,Bobbi Brown,Weightless Skin Oil-Controlling Foundation SPF 15 with Hyaluronic Acid,Medium,,,,Liquid,$57.00,https://www.sephora.com/productimages/sku/s2798387-main-zoom.jpg?imwidth=612
foundation,https://www.sephora.com/product/weightless-skin-oil-controlling-foundation-spf-15-with-hyaluronic-acid-P512885?skuId=2798452,Bobbi Brown,Weightless Skin Oil-Controlling Foundation SPF 15 with Hyaluronic Acid,Medium Deep,,,,Liquid,$57.00,https://www.sephora.com/productimages/sku/s2798452-main-zoom.jpg?imwidth=612
foundation,https://www.sephora.com/product/weightless-skin-oil-controlling-foundation-spf-15-with-hyaluronic-acid-P512885?skuId=2798486,Bobbi Brown,Weightless Skin Oil-Controlling Foundation SPF 15 with Hyaluronic Acid,Deep,,,,Liquid,$57.00,https://www.sephora.com/productimages/sku/s2798486-main-zoom.jpg?imwidth=612
foundation,https://www.sephora.com/product/weightless-skin-oil-controlling-foundation-spf-15-with-hyaluronic-acid-P512885?skuId=2798627,Bobbi Brown,Weightless Skin Oil-Controlling Foundation SPF 15 with Hyaluronic Acid,Extra Deep,,,,Liquid,$57.00,https://www.sephora.com/productimages/sku/s2798627-main-zoom.jpg?imwidth=612
foundation,https://www.sephora.com/product/double-wear-stay-in-place-makeup-P378284?skuId=2112183,Estée Lauder,Double Wear Stay-in-Place Foundation,Very Light,Combination and Oily,,,Liquid,$52.00,https://www.sephora.com/productimages/sku/s2112183-main-zoom.jpg?imwidth=612
foundation,https://www.sephora.com/product/double-wear-stay-in-place-makeup-P378284?skuId=1465186,Estée Lauder,Double Wear Stay-in-Place Foundation,Light,Combination and Oily,,,Liquid,$52.00,https://www.sephora.com/productimages/sku/s1465186-main-zoom.jpg?imwidth=612
foundation,https://www.sephora.com/product/double-wear-stay-in-place-makeup-P378284?skuId=1465160,Estée Lauder,Double Wear Stay-in-Place Foundation,Medium,Combination and Oily,,,Liquid,$52.00,https://www.sephora.com/productimages/sku/s1465160-main-zoom.jpg?imwidth=612
foundation,https://www.sephora.com/product/double-wear-stay-in-place-makeup-P378284?skuId=1465251,Estée Lauder,Double Wear Stay-in-Place Foundation,Medium Deep,Combination and Oily,,,Liquid,$52.00,https://www.sephora.com/productimages/sku/s1465251-main-zoom.jpg?imwidth=612
foundation,https://www.sephora.com/product/double-wear-stay-in-place-makeup-P378284?skuId=1465236,Estée Lauder,Double Wear Stay-in-Place Foundation,Deep,Combination and Oily,,,Liquid,$52.00,https://www.sephora.com/productimages/sku/s1465236-main-zoom.jpg?imwidth=612
foundation,https://www.sephora.com/product/double-wear-stay-in-place-makeup-P378284?skuId=1778570,Estée Lauder,Double Wear Stay-in-Place Foundation,Extra Deep,Combination and Oily,,,Liquid,$52.00,https://www.sephora.com/productimages/sku/s1778570-main-zoom.jpg?imwidth=612
foundation,https://www.sephora.com/product/teint-idole-ultra-24h-long-wear-foundation-P308201?skuId=2667772,Lancôme,Teint Idole Ultra 24H Long Wear Matte Foundation,Very Light,,,,Liquid,$57.00,https://www.sephora.com/productimages/sku/s2667772-main-zoom.jpg?imwidth=612
foundation,https://www.sephora.com/product/teint-idole-ultra-24h-long-wear-foundation-P308201?skuId=2667855,Lancôme,Teint Idole Ultra 24H Long Wear Matte Foundation,Light,,,,Liquid,$57.00,https://www.sephora.com/productimages/sku/s2667855-main-zoom.jpg?imwidth=612
foundation,https://www.sephora.com/product/teint-idole-ultra-24h-long-wear-foundation-P308201?skuId=2667962,Lancôme,Teint Idole Ultra 24H Long Wear Matte Foundation,Medium,,,,Liquid,$57.00,https://www.sephora.com/productimages/sku/s2667962-main-zoom.jpg?imwidth=612
foundation,https://www.sephora.com/product/teint-idole-ultra-24h-long-wear-foundation-P308201?skuId=2668085,Lancôme,Teint Idole Ultra 24H Long Wear Matte Foundation,Medium Deep,,,,Liquid,$57.00,https://www.sephora.com/productimages/sku/s2668085-main-zoom.jpg?imwidth=612
foundation,https://www.sephora.com/product/teint-idole-ultra-24h-long-wear-foundation-P308201?skuId=2668192,Lancôme,Teint Idole Ultra 24H Long Wear Matte Foundation,Deep,,,,Liquid,$57.00,https://www.sephora.com/productimages/sku/s2668192-main-zoom.jpg?imwidth=612
foundation,https://www.sephora.com/product/teint-idole-ultra-24h-long-wear-foundation-P308201?skuId=2744613,Lancôme,Teint Idole Ultra 24H Long Wear Matte Foundation,Extra Deep,,,,Liquid,$57.00,https://www.sephora.com/productimages/sku/s2744613-main-zoom.jpg?imwidth=612
foundation,https://www.sephora.com/product/gucci-fluide-de-beaute-fini-naturel-natural-finish-fluid-foundation-P467622?skuId=2638575,Gucci,24 Hour Full Coverage Luminous Matte Finish Foundation,Very Light,,,,Liquid,$69.00,https://www.sephora.com/productimages/sku/s2638575-main-zoom.jpg?imwidth=612
foundation,https://www.sephora.com/product/gucci-fluide-de-beaute-fini-naturel-natural-finish-fluid-foundation-P467622?skuId=2638617,Gucci,24 Hour Full Coverage Luminous Matte Finish Foundation,Light,,,,Liquid,$69.00,https://www.sephora.com/productimages/sku/s2638617-main-zoom.jpg?imwidth=612
foundation,https://www.sephora.com/product/gucci-fluide-de-beaute-fini-naturel-natural-finish-fluid-foundation-P467622?skuId=2638674,Gucci,24 Hour Full Coverage Luminous Matte Finish Foundation,Medium,,,,Liquid,$69.00,https://www.sephora.com/productimages/sku/s2638674-main-zoom.jpg?imwidth=612
foundation,https://www.sephora.com/product/gucci-fluide-de-beaute-fini-naturel-natural-finish-fluid-foundation-P467622?skuId=2666642,Gucci,24 Hour Full Coverage Luminous Matte Finish Foundation,Medium Deep,,,,Liquid,$69.00,https://sephora.com/productimages/sku/s2666642-main-zoom.jpg?imwidth=612
foundation,https://www.sephora.com/product/gucci-fluide-de-beaute-fini-naturel-natural-finish-fluid-foundation-P467622?skuId=2666667,Gucci,24 Hour Full Coverage Luminous Matte Finish Foundation,Deep,,,,Liquid,$69.00,https://www.sephora.com/productimages/sku/s2666667-main-zoom.jpg?imwidth=612
foundation,https://www.sephora.com/product/gucci-fluide-de-beaute-fini-naturel-natural-finish-fluid-foundation-P467622?skuId=2666766,Gucci,24 Hour Full Coverage Luminous Matte Finish Foundation,Extra Deep,,,,Liquid,$69.00,https://www.sephora.com/productimages/sku/s2666766-main-zoom.jpg?imwidth=612
foundation,https://www.sephora.com/product/pro-filtr-soft-matte-longwear-foundation-P87985432?skuId=1925122,Fenty Beauty by Rihanna,Pro Filt’r Soft Matte Longwear Liquid Foundation,Very Light,,,,Liquid,$40.00,https://www.sephora.com/productimages/sku/s1925122-main-zoom.jpg?imwidth=612
foundation,https://www.sephora.com/product/pro-filtr-soft-matte-longwear-foundation-P87985432?skuId=1925197,Fenty Beauty by Rihanna,Pro Filt’r Soft Matte Longwear Liquid Foundation,Light,,,,Liquid,$40.00,https://www.sephora.com/productimages/sku/s1925197-main-zoom.jpg?imwidth=612
foundation,https://www.sephora.com/product/pro-filtr-soft-matte-longwear-foundation-P87985432?skuId=1925254,Fenty Beauty by Rihanna,Pro Filt’r Soft Matte Longwear Liquid Foundation,Medium,,,,Liquid,$40.00,https://www.sephora.com/productimages/sku/s1925254-main-zoom.jpg?imwidth=612
foundation,https://www.sephora.com/product/pro-filtr-soft-matte-longwear-foundation-P87985432?skuId=2590057,Fenty Beauty by Rihanna,Pro Filt’r Soft Matte Longwear Liquid Foundation,Medium Deep,,,,Liquid,$40.00,https://www.sephora.com/productimages/sku/s2590057-main-zoom.jpg?imwidth=612
foundation,https://www.sephora.com/product/pro-filtr-soft-matte-longwear-foundation-P87985432?skuId=1925411,Fenty Beauty by Rihanna,Pro Filt’r Soft Matte Longwear Liquid Foundation,Deep,,,,Liquid,$40.00,https://www.sephora.com/productimages/sku/s1925411-main-zoom.jpg?imwidth=612
foundation,https://www.sephora.com/product/pro-filtr-soft-matte-longwear-foundation-P87985432?skuId=1925502,Fenty Beauty by Rihanna,Pro Filt’r Soft Matte Longwear Liquid Foundation,Extra Deep,,,,Liquid,$40.00,https://www.sephora.com/productimages/sku/s1925502-main-zoom.jpg?imwidth=612
foundation,https://www.sephora.com/product/born-this-way-P397517?skuId=1960814,Too Faced,Born This Way Natural Finish Longwear Liquid Foundation,Very Light,,,,Liquid,$47.00,https://www.sephora.com/productimages/sku/s1960814-main-zoom.jpg?imwidth=612
foundation,https://www.sephora.com/product/born-this-way-P397517?skuId=1762616,Too Faced,Born This Way Natural Finish Longwear Liquid Foundation,Light,,,,Liquid,$47.00,https://www.sephora.com/productimages/sku/s1762616-main-zoom.jpg?imwidth=612
foundation,https://www.sephora.com/product/born-this-way-P397517?skuId=1711977,Too Faced,Born This Way Natural Finish Longwear Liquid Foundation,Medium,,,,Liquid,$47.00,https://www.sephora.com/productimages/sku/s1711977-main-zoom.jpg?imwidth=612
foundation,https://www.sephora.com/product/born-this-way-P397517?skuId=2084622,Too Faced,Born This Way Natural Finish Longwear Liquid Foundation,Medium Deep,,,,Liquid,$47.00,https://www.sephora.com/productimages/sku/s2084622-main-zoom.jpg?imwidth=612
foundation,https://www.sephora.com/product/born-this-way-P397517?skuId=2084655,Too Faced,Born This Way Natural Finish Longwear Liquid Foundation,Deep,,,,Liquid,$47.00,https://www.sephora.com/productimages/sku/s2084655-main-zoom.jpg?imwidth=612
foundation,https://www.sephora.com/product/born-this-way-P397517?skuId=2084697,Too Faced,Born This Way Natural Finish Longwear Liquid Foundation,Extra Deep,,,,Liquid,$47.00,https://www.sephora.com/productimages/sku/s2084697-main-zoom.jpg?imwidth=612
foundation,https://www.sephora.com/product/make-up-for-ever-hd-skin-hydra-glow-skincare-foundation-with-hyaluronic-acid-P510064?skuId=2738342,MAKE UP FOR EVER,HD Skin Hydra Glow Hydrating Foundation with Hyaluronic Acid,Very Light,,,,Liquid,$47.00,https://www.sephora.com/productimages/sku/s2738342-main-zoom.jpg?imwidth=612
foundation,https://www.sephora.com/product/make-up-for-ever-hd-skin-hydra-glow-skincare-foundation-with-hyaluronic-acid-P510064?skuId=2738383,MAKE UP FOR EVER,HD Skin Hydra Glow Hydrating Foundation with Hyaluronic Acid,Light,,,,Liquid,$47.00,https://www.sephora.com/productimages/sku/s2738383-main-zoom.jpg?imwidth=612
foundation,https://www.sephora.com/product/make-up-for-ever-hd-skin-hydra-glow-skincare-foundation-with-hyaluronic-acid-P510064?skuId=2738433,MAKE UP FOR EVER,HD Skin Hydra Glow Hydrating Foundation with Hyaluronic Acid,Medium,,,,Liquid,$47.00,https://www.sephora.com/productimages/sku/s2738433-main-zoom.jpg?imwidth=612
foundation,https://www.sephora.com/product/make-up-for-ever-hd-skin-hydra-glow-skincare-foundation-with-hyaluronic-acid-P510064?skuId=2738516,MAKE UP FOR EVER,HD Skin Hydra Glow Hydrating Foundation with Hyaluronic Acid,Medium Deep,,,,Liquid,$47.00,https://www.sephora.com/productimages/sku/s2738516-main-zoom.jpg?imwidth=612
foundation,https://www.sephora.com/product/make-up-for-ever-hd-skin-hydra-glow-skincare-foundation-with-hyaluronic-acid-P510064?skuId=2738086,MAKE UP FOR EVER,HD Skin Hydra Glow Hydrating Foundation with Hyaluronic Acid,Deep,,,,Liquid,$47.00,https://www.sephora.com/productimages/sku/s2738086-main-zoom.jpg?imwidth=612
foundation,https://www.sephora.com/product/make-up-for-ever-hd-skin-hydra-glow-skincare-foundation-with-hyaluronic-acid-P510064?skuId=2738144,MAKE UP FOR EVER,HD Skin Hydra Glow Hydrating Foundation with Hyaluronic Acid,Extra Deep,,,,Liquid,$47.00,https://www.sephora.com/productimages/sku/s2738144-main-zoom.jpg?imwidth=612
foundation,https://www.sephora.com/product/saie-glowy-super-skin-lightweight-hydrobounce-serum-foundation-P504907?skuId=2637478,Saie,Glowy Super Skin Tint Foundation with Hyaluronic Acid,Very Light,,,,Liquid,$40.00,https://www.sephora.com/productimages/sku/s2637478-main-zoom.jpg?imwidth=612
foundation,https://www.sephora.com/product/saie-glowy-super-skin-lightweight-hydrobounce-serum-foundation-P504907?skuId=2637411,Saie,Glowy Super Skin Tint Foundation with Hyaluronic Acid,Light,,,,Liquid,$40.00,https://www.sephora.com/productimages/sku/s2637411-main-zoom.jpg?imwidth=612
foundation,https://www.sephora.com/product/saie-glowy-super-skin-lightweight-hydrobounce-serum-foundation-P504907?skuId=2637320,Saie,Glowy Super Skin Tint Foundation with Hyaluronic Acid,Medium,,,,Liquid,$40.00,https://www.sephora.com/productimages/sku/s2637320-main-zoom.jpg?imwidth=612
foundation,https://www.sephora.com/product/saie-glowy-super-skin-lightweight-hydrobounce-serum-foundation-P504907?skuId=2637247,Saie,Glowy Super Skin Tint Foundation with Hyaluronic Acid,Medium Deep,,,,Liquid,$40.00,https://www.sephora.com/productimages/sku/s2637247-main-zoom.jpg?imwidth=612
foundation,https://www.sephora.com/product/saie-glowy-super-skin-lightweight-hydrobounce-serum-foundation-P504907?skuId=2637205,Saie,Glowy Super Skin Tint Foundation with Hyaluronic Acid,Deep,,,,Liquid,$40.00,https://www.sephora.com/productimages/sku/s2637205-main-zoom.jpg?imwidth=612
foundation,https://www.sephora.com/product/saie-glowy-super-skin-lightweight-hydrobounce-serum-foundation-P504907?skuId=2637734,Saie,Glowy Super Skin Tint Foundation with Hyaluronic Acid,Extra Deep,,,,Liquid,$40.00,https://www.sephora.com/productimages/sku/s2637734-main-zoom.jpg?imwidth=612
foundation,https://www.sephora.com/product/kosas-revealer-skin-improving-foundation-spf25-with-hyaluronic-acid-niacinamide-P481396?skuId=2512416,Kosas,Revealer Skin-Improving Foundation SPF 25 with Hyaluronic Acid and Niacinamide,Very Light,,,,Liquid,$42.00,https://www.sephora.com/productimages/sku/s2512416-main-zoom.jpg?imwidth=612
foundation,https://www.sephora.com/product/kosas-revealer-skin-improving-foundation-spf25-with-hyaluronic-acid-niacinamide-P481396?skuId=2512366,Kosas,Revealer Skin-Improving Foundation SPF 25 with Hyaluronic Acid and Niacinamide,Light,,,,Liquid,$42.00,https://www.sephora.com/productimages/sku/s2512366-main-zoom.jpg?imwidth=612
foundation,https://www.sephora.com/product/kosas-revealer-skin-improving-foundation-spf25-with-hyaluronic-acid-niacinamide-P481396?skuId=2512283,Kosas,Revealer Skin-Improving Foundation SPF 25 with Hyaluronic Acid and Niacinamide,Medium,,,,Liquid,$42.00,https://www.sephora.com/productimages/sku/s2512283-main-zoom.jpg?imwidth=612
foundation,https://www.sephora.com/product/kosas-revealer-skin-improving-foundation-spf25-with-hyaluronic-acid-niacinamide-P481396?skuId=2512218,Kosas,Revealer Skin-Improving Foundation SPF 25 with Hyaluronic Acid and Niacinamide,Medium Deep,,,,Liquid,$42.00,https://www.sephora.com/productimages/sku/s2512218-main-zoom.jpg?imwidth=612
foundation,https://www.sephora.com/product/kosas-revealer-skin-improving-foundation-spf25-with-hyaluronic-acid-niacinamide-P481396?skuId=2512135,Kosas,Revealer Skin-Improving Foundation SPF 25 with Hyaluronic Acid and Niacinamide,Deep,,,,Liquid,$42.00,https://www.sephora.com/productimages/sku/s2512135-main-zoom.jpg?imwidth=612
foundation,https://www.sephora.com/product/kosas-revealer-skin-improving-foundation-spf25-with-hyaluronic-acid-niacinamide-P481396?skuId=2512077,Kosas,Revealer Skin-Improving Foundation SPF 25 with Hyaluronic Acid and Niacinamide,Extra Deep,,,,Liquid,$42.00,https://www.sephora.com/productimages/sku/s2512077-main-zoom.jpg?imwidth=612
concealer,https://www.sephora.com/product/swipe-all-over-hydrating-serum-concealer-P507142?skuId=2697480&icid2=products%20grid:p507142:product,Tower 28 Beauty,Swipe All-Over Hydrating Serum Concealer,Very Light,,dark circles,redness,Liquid,$22.00,https://www.sephora.com/productimages/sku/s2697480-main-zoom.jpg?imwidth=612
concealer,https://www.sephora.com/product/swipe-all-over-hydrating-serum-concealer-P507142?skuId=2697506&icid2=products%20grid:p507142:product,Tower 28 Beauty,Swipe All-Over Hydrating Serum Concealer,Light,,dark circles,redness,Liquid,$22.00,https://www.sephora.com/productimages/sku/s2697506-main-zoom.jpg?imwidth=612
concealer,https://www.sephora.com/product/swipe-all-over-hydrating-serum-concealer-P507142?skuId=2697548&icid2=products%20grid:p507142:product,Tower 28 Beauty,Swipe All-Over Hydrating Serum Concealer,Medium,,dark circles,redness,Liquid,$22.00,https://www.sephora.com/productimages/sku/s2697548-main-zoom.jpg?imwidth=612
concealer,https://www.sephora.com/product/swipe-all-over-hydrating-serum-concealer-P507142?skuId=2697597&icid2=products%20grid:p507142:product,Tower 28 Beauty,Swipe All-Over Hydrating Serum Concealer,Medium Deep,,dark circles,redness,Liquid,$22.00,https://www.sephora.com/productimages/sku/s2697597-main-zoom.jpg?imwidth=612
concealer,https://www.sephora.com/product/swipe-all-over-hydrating-serum-concealer-P507142?skuId=2697621&icid2=products%20grid:p507142:product,Tower 28 Beauty,Swipe All-Over Hydrating Serum Concealer,Deep,,dark circles,redness,Liquid,$22.00,https://www.sephora.com/productimages/sku/s2697621-main-zoom.jpg?imwidth=612
concealer,https://www.sephora.com/product/swipe-all-over-hydrating-serum-concealer-P507142?skuId=2697670&icid2=products%20grid:p507142:product,Tower 28 Beauty,Swipe All-Over Hydrating Serum Concealer,Extra Deep,,dark circles,redness,Liquid,$22.00,https://www.sephora.com/productimages/sku/s2697670-main-zoom.jpg?imwidth=612
concealer,https://www.sephora.com/product/hourglass-vanish-airbrush-concealer-P454042?skuId=2302909,Hourglass,Vanish™ Airbrush Concealer,Very Light,"Normal, Dry, Combination, and Oily",dark circles,,Liquid,$36.00,https://www.sephora.com/productimages/sku/s2302909-main-zoom.jpg?imwidth=612
concealer,https://www.sephora.com/product/hourglass-vanish-airbrush-concealer-P454042?skuId=2302933,Hourglass,Vanish™ Airbrush Concealer,Light,"Normal, Dry, Combination, and Oily",dark circles,,Liquid,$36.00,https://www.sephora.com/productimages/sku/s2302933-main-zoom.jpg?imwidth=612
concealer,https://www.sephora.com/product/hourglass-vanish-airbrush-concealer-P454042?skuId=2302990,Hourglass,Vanish™ Airbrush Concealer,Medium,"Normal, Dry, Combination, and Oily",dark circles,,Liquid,$36.00,https://www.sephora.com/productimages/sku/s2302990-main-zoom.jpg?imwidth=612
concealer,https://www.sephora.com/product/hourglass-vanish-airbrush-concealer-P454042?skuId=2303014,Hourglass,Vanish™ Airbrush Concealer,Medium Deep,"Normal, Dry, Combination, and Oily",dark circles,,Liquid,$36.00,https://www.sephora.com/productimages/sku/s2303014-main-zoom.jpg?imwidth=612
concealer,https://www.sephora.com/product/hourglass-vanish-airbrush-concealer-P454042?skuId=2303071,Hourglass,Vanish™ Airbrush Concealer,Deep,"Normal, Dry, Combination, and Oily",dark circles,,Liquid,$36.00,https://www.sephora.com/productimages/sku/s2303071-main-zoom.jpg?imwidth=612
concealer,https://www.sephora.com/product/hourglass-vanish-airbrush-concealer-P454042?skuId=2303113,Hourglass,Vanish™ Airbrush Concealer,Extra Deep,"Normal, Dry, Combination, and Oily",dark circles,,Liquid,$36.00,https://www.sephora.com/productimages/sku/s2303113-main-zoom.jpg?imwidth=612
concealer,https://www.sephora.com/product/double-wear-stay-in-place-flawless-wear-concealer-P379951?icid2=products%20grid:p379951:product&skuId=2228468,Estée Lauder,Double Wear Stay-In-Place Flawless Longwear Cream Concealer,Very Light,"Normal, Dry, Combination, and Oily",,,Cream,$32.00,https://www.sephora.com/productimages/sku/s2228468-main-zoom.jpg?imwidth=612
concealer,https://www.sephora.com/product/double-wear-stay-in-place-flawless-wear-concealer-P379951?icid2=products%20grid:p379951:product&skuId=1607175,Estée Lauder,Double Wear Stay-In-Place Flawless Longwear Cream Concealer,Light,"Normal, Dry, Combination, and Oily",,,Cream,$32.00,https://www.sephora.com/productimages/sku/s1607175-main-zoom.jpg?imwidth=612
concealer,https://www.sephora.com/product/double-wear-stay-in-place-flawless-wear-concealer-P379951?icid2=products%20grid:p379951:product&skuId=1464999,Estée Lauder,Double Wear Stay-In-Place Flawless Longwear Cream Concealer,Medium,"Normal, Dry, Combination, and Oily",,,Cream,$32.00,https://www.sephora.com/productimages/sku/s1464999-main-zoom.jpg?imwidth=612
concealer,https://www.sephora.com/product/double-wear-stay-in-place-flawless-wear-concealer-P379951?icid2=products%20grid:p379951:product&skuId=2228435,Estée Lauder,Double Wear Stay-In-Place Flawless Longwear Cream Concealer,Medium Deep,"Normal, Dry, Combination, and Oily",,,Cream,$32.00,https://www.sephora.com/productimages/sku/s2228435-main-zoom.jpg?imwidth=612
concealer,https://www.sephora.com/product/double-wear-stay-in-place-flawless-wear-concealer-P379951?icid2=products%20grid:p379951:product&skuId=1464973,Estée Lauder,Double Wear Stay-In-Place Flawless Longwear Cream Concealer,Deep,"Normal, Dry, Combination, and Oily",,,Cream,$32.00,https://www.sephora.com/productimages/sku/s1464973-main-zoom.jpg?imwidth=612
concealer,https://www.sephora.com/product/double-wear-stay-in-place-flawless-wear-concealer-P379951?icid2=products%20grid:p379951:product&skuId=2228369,Estée Lauder,Double Wear Stay-In-Place Flawless Longwear Cream Concealer,Extra Deep,"Normal, Dry, Combination, and Oily",,,Cream,$32.00,https://www.sephora.com/productimages/sku/s2228369-main-zoom.jpg?imwidth=612
concealer,https://www.sephora.com/product/radiant-creamy-concealer-P377873?skuId=1478353&icid2=products%20grid:p377873:product,NARS,Radiant Creamy Concealer,Very Light,,Acne/Blemishes,dark circles,Liquid,$15.00,https://www.sephora.com/productimages/sku/s1478353-main-zoom.jpg?imwidth=612
concealer,https://www.sephora.com/product/radiant-creamy-concealer-P377873?skuId=2172310&icid2=products%20grid:p377873:product,NARS,Radiant Creamy Concealer,Light,,Acne/Blemishes,dark circles,Liquid,$15.00,https://www.sephora.com/productimages/sku/s2172310-main-zoom.jpg?imwidth=612
concealer,https://www.sephora.com/product/radiant-creamy-concealer-P377873?skuId=1478387&icid2=products%20grid:p377873:product,NARS,Radiant Creamy Concealer,Medium,,Acne/Blemishes,dark circles,Liquid,$15.00,https://www.sephora.com/productimages/sku/s1478387-main-zoom.jpg?imwidth=612
concealer,https://www.sephora.com/product/radiant-creamy-concealer-P377873?skuId=2172351&icid2=products%20grid:p377873:product,NARS,Radiant Creamy Concealer,Medium Deep,,Acne/Blemishes,dark circles,Liquid,$15.00,https://www.sephora.com/productimages/sku/s2172351-main-zoom.jpg?imwidth=612
concealer,https://www.sephora.com/product/radiant-creamy-concealer-P377873?skuId=1847144&icid2=products%20grid:p377873:product,NARS,Radiant Creamy Concealer,Deep,,Acne/Blemishes,dark circles,Liquid,$15.00,https://www.sephora.com/productimages/sku/s1847144-main-zoom.jpg?imwidth=612
concealer,https://www.sephora.com/product/radiant-creamy-concealer-P377873?skuId=1478445&icid2=products%20grid:p377873:product,NARS,Radiant Creamy Concealer,Extra Deep,,Acne/Blemishes,dark circles,Liquid,$15.00,https://www.sephora.com/productimages/sku/s1478445-main-zoom.jpg?imwidth=612
concealer,https://www.sephora.com/product/kosas-revealer-concealer-P456151?skuId=2429454,Kosas,Revealer Super Creamy + Brightening Concealer with Caffeine and Hyaluronic Acid,Very Light,"Normal, Dry, Combination, and Oily",dryness,dark circles,Liquid,$30.00,https://www.sephora.com/productimages/sku/s2429454-main-zoom.jpg?imwidth=612
concealer,https://www.sephora.com/product/kosas-revealer-concealer-P456151?skuId=2333722,Kosas,Revealer Super Creamy + Brightening Concealer with Caffeine and Hyaluronic Acid,Light,"Normal, Dry, Combination, and Oily",dryness,dark circles,Liquid,$30.00,https://www.sephora.com/productimages/sku/s2333722-main-zoom.jpg?imwidth=612
concealer,https://www.sephora.com/product/kosas-revealer-concealer-P456151?skuId=2737377,Kosas,Revealer Super Creamy + Brightening Concealer with Caffeine and Hyaluronic Acid,Medium,"Normal, Dry, Combination, and Oily",dryness,dark circles,Liquid,$30.00,https://www.sephora.com/productimages/sku/s2737377-main-zoom.jpg?imwidth=612
concealer,https://www.sephora.com/product/kosas-revealer-concealer-P456151?skuId=2737385,Kosas,Revealer Super Creamy + Brightening Concealer with Caffeine and Hyaluronic Acid,Medium Deep,"Normal, Dry, Combination, and Oily",dryness,dark circles,Liquid,$30.00,https://www.sephora.com/productimages/sku/s2737385-main-zoom.jpg?imwidth=612
concealer,https://www.sephora.com/product/kosas-revealer-concealer-P456151?skuId=2737419,Kosas,Revealer Super Creamy + Brightening Concealer with Caffeine and Hyaluronic Acid,Deep,"Normal, Dry, Combination, and Oily",dryness,dark circles,Liquid,$30.00,https://www.sephora.com/productimages/sku/s2737419-main-zoom.jpg?imwidth=612
concealer,https://www.sephora.com/product/kosas-revealer-concealer-P456151?skuId=2429561,Kosas,Revealer Super Creamy + Brightening Concealer with Caffeine and Hyaluronic Acid,Extra Deep,"Normal, Dry, Combination, and Oily",dryness,dark circles,Liquid,$30.00,https://www.sephora.com/productimages/sku/s2429561-main-zoom.jpg?imwidth=612
concealer,https://www.sephora.com/product/born-this-way-super-coverage-multi-use-sculpting-concealer-P432298?skuId=2222982,Too Faced,Born This Way Super Coverage Multi-Use Concealer,Very Light,,,,Liquid,$36.00,https://www.sephora.com/productimages/sku/s2222982-main-zoom.jpg?imwidth=315
concealer,https://www.sephora.com/product/born-this-way-super-coverage-multi-use-sculpting-concealer-P432298?skuId=2084382,Too Faced,Born This Way Super Coverage Multi-Use Concealer,Light,,,,Liquid,$36.00,https://www.sephora.com/productimages/sku/s2084382-main-zoom.jpg?imwidth=315
concealer,https://www.sephora.com/product/born-this-way-super-coverage-multi-use-sculpting-concealer-P432298?skuId=2084457,Too Faced,Born This Way Super Coverage Multi-Use Concealer,Medium,,,,Liquid,$36.00,https://www.sephora.com/productimages/sku/s2084457-main-zoom.jpg?imwidth=315
concealer,https://www.sephora.com/product/born-this-way-super-coverage-multi-use-sculpting-concealer-P432298?skuId=2084481,Too Faced,Born This Way Super Coverage Multi-Use Concealer,Medium Deep,,,,Liquid,$36.00,https://www.sephora.com/productimages/sku/s2084481-main-zoom.jpg?imwidth=315
concealer,https://www.sephora.com/product/born-this-way-super-coverage-multi-use-sculpting-concealer-P432298?skuId=2084523,Too Faced,Born This Way Super Coverage Multi-Use Concealer,Deep,,,,Liquid,$36.00,https://www.sephora.com/productimages/sku/s2084523-main-zoom.jpg?imwidth=315
concealer,https://www.sephora.com/product/born-this-way-super-coverage-multi-use-sculpting-concealer-P432298?skuId=2223121,Too Faced,Born This Way Super Coverage Multi-Use Concealer,Extra Deep,,,,Liquid,$36.00,https://www.sephora.com/productimages/sku/s2223121-main-zoom.jpg?imwidth=315
concealer,https://www.sephora.com/product/triclone-skin-tech-hydrating-concealer-with-fermented-arnica-P507110?skuId=2696995,HAUS LABS BY LADY GAGA,Triclone Skin Tech Hydrating + De-puffing Concealer with Fermented Arnica,Very Light,,Acne/Blemishes,dark circles,Liquid,$32.00,https://www.sephora.com/productimages/sku/s2696995-main-zoom.jpg?imwidth=315
concealer,https://www.sephora.com/product/triclone-skin-tech-hydrating-concealer-with-fermented-arnica-P507110?skuId=2696961,HAUS LABS BY LADY GAGA,Triclone Skin Tech Hydrating + De-puffing Concealer with Fermented Arnica,Light,,Acne/Blemishes,dark circles,Liquid,$32.00,https://www.sephora.com/productimages/sku/s2696961-main-zoom.jpg?imwidth=315
concealer,https://www.sephora.com/product/triclone-skin-tech-hydrating-concealer-with-fermented-arnica-P507110?skuId=2696888,HAUS LABS BY LADY GAGA,Triclone Skin Tech Hydrating + De-puffing Concealer with Fermented Arnica,Medium,,Acne/Blemishes,dark circles,Liquid,$32.00,https://www.sephora.com/productimages/sku/s2696888-main-zoom.jpg?imwidth=315
concealer,https://www.sephora.com/product/triclone-skin-tech-hydrating-concealer-with-fermented-arnica-P507110?skuId=2696839,HAUS LABS BY LADY GAGA,Triclone Skin Tech Hydrating + De-puffing Concealer with Fermented Arnica,Medium Deep,,Acne/Blemishes,dark circles,Liquid,$32.00,https://www.sephora.com/productimages/sku/s2696839-main-zoom.jpg?imwidth=315
concealer,https://www.sephora.com/product/triclone-skin-tech-hydrating-concealer-with-fermented-arnica-P507110?skuId=2696789,HAUS LABS BY LADY GAGA,Triclone Skin Tech Hydrating + De-puffing Concealer with Fermented Arnica,Deep,,Acne/Blemishes,dark circles,Liquid,$32.00,https://www.sephora.com/productimages/sku/s2696789-main-zoom.jpg?imwidth=315
concealer,https://www.sephora.com/product/triclone-skin-tech-hydrating-concealer-with-fermented-arnica-P507110?skuId=2696698,HAUS LABS BY LADY GAGA,Triclone Skin Tech Hydrating + De-puffing Concealer with Fermented Arnica,Extra Deep,,Acne/Blemishes,dark circles,Liquid,$32.00,https://www.sephora.com/productimages/sku/s2696698-main-zoom.jpg?imwidth=315
concealer,https://www.sephora.com/product/laura-mercier-real-flawless-weightless-perfecting-serum-concealer-P509848?skuId=2747814,Laura Mercier,Real Flawless Weightless Perfecting Serum Concealer,Very Light,,,,Liquid,$33.00,https://www.sephora.com/productimages/sku/s2747814-main-zoom.jpg?imwidth=315
concealer,https://www.sephora.com/product/laura-mercier-real-flawless-weightless-perfecting-serum-concealer-P509848?skuId=2747913,Laura Mercier,Real Flawless Weightless Perfecting Serum Concealer,Light,,,,Liquid,$33.00,https://www.sephora.com/productimages/sku/s2747913-main-zoom.jpg?imwidth=315
concealer,https://www.sephora.com/product/laura-mercier-real-flawless-weightless-perfecting-serum-concealer-P509848?skuId=2747921,Laura Mercier,Real Flawless Weightless Perfecting Serum Concealer,Medium,,,,Liquid,$33.00,https://www.sephora.com/productimages/sku/s2747921-main-zoom.jpg?imwidth=315
concealer,https://www.sephora.com/product/laura-mercier-real-flawless-weightless-perfecting-serum-concealer-P509848?skuId=2747806,Laura Mercier,Real Flawless Weightless Perfecting Serum Concealer,Medium Deep,,,,Liquid,$33.00,https://www.sephora.com/productimages/sku/s2747806-main-zoom.jpg?imwidth=315
concealer,https://www.sephora.com/product/laura-mercier-real-flawless-weightless-perfecting-serum-concealer-P509848?skuId=2747772,Laura Mercier,Real Flawless Weightless Perfecting Serum Concealer,Deep,,,,Liquid,$33.00,https://www.sephora.com/productimages/sku/s2747772-main-zoom.jpg?imwidth=315
concealer,https://www.sephora.com/product/laura-mercier-real-flawless-weightless-perfecting-serum-concealer-P509848?skuId=2747764,Laura Mercier,Real Flawless Weightless Perfecting Serum Concealer,Extra Deep,,,,Liquid,$33.00,https://www.sephora.com/productimages/sku/s2747764-main-zoom.jpg?imwidth=315
concealer,https://www.sephora.com/product/fauxfilter-luminous-matte-buildable-coverage-crease-proof-concealer-P500309?skuId=2577591,HUDA BEAUTY,#FauxFilter Matte Buildable Coverage Waterproof Concealer,Very Light,,,,Liquid,$31.00,https://www.sephora.com/productimages/sku/s2577591-main-zoom.jpg?imwidth=315
concealer,https://www.sephora.com/product/fauxfilter-luminous-matte-buildable-coverage-crease-proof-concealer-P500309?skuId=2577641,HUDA BEAUTY,#FauxFilter Matte Buildable Coverage Waterproof Concealer,Light,,,,Liquid,$31.00,https://www.sephora.com/productimages/sku/s2577641-main-zoom.jpg?imwidth=315
concealer,https://www.sephora.com/product/fauxfilter-luminous-matte-buildable-coverage-crease-proof-concealer-P500309?skuId=2577690,HUDA BEAUTY,#FauxFilter Matte Buildable Coverage Waterproof Concealer,Medium,,,,Liquid,$31.00,https://www.sephora.com/productimages/sku/s2577690-main-zoom.jpg?imwidth=315
concealer,https://www.sephora.com/product/fauxfilter-luminous-matte-buildable-coverage-crease-proof-concealer-P500309?skuId=2577732,HUDA BEAUTY,#FauxFilter Matte Buildable Coverage Waterproof Concealer,Medium Deep,,,,Liquid,$31.00,https://www.sephora.com/productimages/sku/s2577732-main-zoom.jpg?imwidth=315
concealer,https://www.sephora.com/product/fauxfilter-luminous-matte-buildable-coverage-crease-proof-concealer-P500309?skuId=2577815,HUDA BEAUTY,#FauxFilter Matte Buildable Coverage Waterproof Concealer,Deep,,,,Liquid,$31.00,https://www.sephora.com/productimages/sku/s2577815-main-zoom.jpg?imwidth=315
concealer,https://www.sephora.com/product/fauxfilter-luminous-matte-buildable-coverage-crease-proof-concealer-P500309?skuId=2577872,HUDA BEAUTY,#FauxFilter Matte Buildable Coverage Waterproof Concealer,Extra Deep,,,,Liquid,$31.00,https://www.sephora.com/productimages/sku/s2577872-main-zoom.jpg?imwidth=315
concealer,https://www.sephora.com/product/rare-beauty-by-selena-gomez-liquid-touch-brightening-concealer-P64546856?skuId=2354132,Rare Beauty by Selena Gomez,Liquid Touch Brightening Concealer,Very Light,"Normal, Dry, Combination, and Oily",,,Liquid,$22.00,https://www.sephora.com/productimages/sku/s2354132-main-zoom.jpg?imwidth=315
concealer,https://www.sephora.com/product/rare-beauty-by-selena-gomez-liquid-touch-brightening-concealer-P64546856?skuId=2361640,Rare Beauty by Selena Gomez,Liquid Touch Brightening Concealer,Light,"Normal, Dry, Combination, and Oily",,,Liquid,$22.00,https://www.sephora.com/productimages/sku/s2361640-main-zoom.jpg?imwidth=315
concealer,https://www.sephora.com/product/rare-beauty-by-selena-gomez-liquid-touch-brightening-concealer-P64546856?skuId=2361699,Rare Beauty by Selena Gomez,Liquid Touch Brightening Concealer,Medium,"Normal, Dry, Combination, and Oily",,,Liquid,$22.00,https://www.sephora.com/productimages/sku/s2361699-main-zoom.jpg?imwidth=315
concealer,https://www.sephora.com/product/rare-beauty-by-selena-gomez-liquid-touch-brightening-concealer-P64546856?skuId=2361814,Rare Beauty by Selena Gomez,Liquid Touch Brightening Concealer,Medium Deep,"Normal, Dry, Combination, and Oily",,,Liquid,$22.00,https://www.sephora.com/productimages/sku/s2361814-main-zoom.jpg?imwidth=315
concealer,https://www.sephora.com/product/rare-beauty-by-selena-gomez-liquid-touch-brightening-concealer-P64546856?skuId=2361947,Rare Beauty by Selena Gomez,Liquid Touch Brightening Concealer,Deep,"Normal, Dry, Combination, and Oily",,,Liquid,$22.00,https://www.sephora.com/productimages/sku/s2361947-main-zoom.jpg?imwidth=315
concealer,https://www.sephora.com/product/rare-beauty-by-selena-gomez-liquid-touch-brightening-concealer-P64546856?skuId=2362077,Rare Beauty by Selena Gomez,Liquid Touch Brightening Concealer,Extra Deep,"Normal, Dry, Combination, and Oily",,,Liquid,$22.00,https://www.sephora.com/productimages/sku/s2362077-main-zoom.jpg?imwidth=315
concealer,https://www.sephora.com/product/saie-slip-tint-radiant-all-over-concealer-with-niacinamide-P510438?skuId=2752020,Saie,Slip Tint Radiant All-Over Concealer with Niacinamide,Very Light,,dark circles,,Cream,$28.00,https://www.sephora.com/productimages/sku/s2752020-main-zoom.jpg?imwidth=315
concealer,https://www.sephora.com/product/saie-slip-tint-radiant-all-over-concealer-with-niacinamide-P510438?skuId=2752053,Saie,Slip Tint Radiant All-Over Concealer with Niacinamide,Light,,dark circles,,Cream,$28.00,https://www.sephora.com/productimages/sku/s2752053-main-zoom.jpg?imwidth=315
concealer,https://www.sephora.com/product/saie-slip-tint-radiant-all-over-concealer-with-niacinamide-P510438?skuId=2752095,Saie,Slip Tint Radiant All-Over Concealer with Niacinamide,Medium,,dark circles,,Cream,$28.00,https://www.sephora.com/productimages/sku/s2752095-main-zoom.jpg?imwidth=315
concealer,https://www.sephora.com/product/saie-slip-tint-radiant-all-over-concealer-with-niacinamide-P510438?skuId=2752160,Saie,Slip Tint Radiant All-Over Concealer with Niacinamide,Medium Deep,,dark circles,,Cream,$28.00,https://www.sephora.com/productimages/sku/s2752160-main-zoom.jpg?imwidth=315
concealer,https://www.sephora.com/product/saie-slip-tint-radiant-all-over-concealer-with-niacinamide-P510438?skuId=2752228,Saie,Slip Tint Radiant All-Over Concealer with Niacinamide,Deep,,dark circles,,Cream,$28.00,https://www.sephora.com/productimages/sku/s2752228-main-zoom.jpg?imwidth=315
concealer,https://www.sephora.com/product/saie-slip-tint-radiant-all-over-concealer-with-niacinamide-P510438?skuId=2752269,Saie,Slip Tint Radiant All-Over Concealer with Niacinamide,Extra Deep,,dark circles,,Cream,$28.00,https://www.sephora.com/productimages/sku/s2752269-main-zoom.jpg?imwidth=315
concealer,https://www.sephora.com/product/lancome-teint-idole-ultra-wear-all-over-full-coverage-concealer-P473717?skuId=2466969,Lancôme,Teint Idole Ultra Wear All Over Full Coverage Concealer,Very Light,"Normal, Dry and Combination",dark circles,,Liquid,$29.00,https://www.sephora.com/productimages/sku/s2466969-main-zoom.jpg?imwidth=315
concealer,https://www.sephora.com/product/lancome-teint-idole-ultra-wear-all-over-full-coverage-concealer-P473717?skuId=2466928,Lancôme,Teint Idole Ultra Wear All Over Full Coverage Concealer,Light,"Normal, Dry and Combination",dark circles,,Liquid,$29.00,https://www.sephora.com/productimages/sku/s2466928-main-zoom.jpg?imwidth=315
concealer,https://www.sephora.com/product/lancome-teint-idole-ultra-wear-all-over-full-coverage-concealer-P473717?skuId=2466860,Lancôme,Teint Idole Ultra Wear All Over Full Coverage Concealer,Medium,"Normal, Dry and Combination",dark circles,,Liquid,$29.00,https://www.sephora.com/productimages/sku/s2466860-main-zoom.jpg?imwidth=315
concealer,https://www.sephora.com/product/lancome-teint-idole-ultra-wear-all-over-full-coverage-concealer-P473717?skuId=2466811,Lancôme,Teint Idole Ultra Wear All Over Full Coverage Concealer,Medium Deep,"Normal, Dry and Combination",dark circles,,Liquid,$29.00,https://www.sephora.com/productimages/sku/s2466811-main-zoom.jpg?imwidth=315
concealer,https://www.sephora.com/product/lancome-teint-idole-ultra-wear-all-over-full-coverage-concealer-P473717?skuId=2466795,Lancôme,Teint Idole Ultra Wear All Over Full Coverage Concealer,Deep,"Normal, Dry and Combination",dark circles,,Liquid,$29.00,https://www.sephora.com/productimages/sku/s2466795-main-zoom.jpg?imwidth=315
concealer,https://www.sephora.com/product/lancome-teint-idole-ultra-wear-all-over-full-coverage-concealer-P473717?skuId=2589323,Lancôme,Teint Idole Ultra Wear All Over Full Coverage Concealer,Extra Deep,"Normal, Dry and Combination",dark circles,,Liquid,$29.00,https://www.sephora.com/productimages/sku/s2589323-main-zoom.jpg?imwidth=315
concealer,https://www.sephora.com/product/dior-dior-forever-skin-correct-concealer-P454348?skuId=2639359,Dior,Dior Forever Skin Correct Full-Coverage Concealer,Very Light,,,,Liquid,$40.00,https://www.sephora.com/productimages/sku/s2639359-main-zoom.jpg?imwidth=315
concealer,https://www.sephora.com/product/dior-dior-forever-skin-correct-concealer-P454348?skuId=2639334,Dior,Dior Forever Skin Correct Full-Coverage Concealer,Light,,,,Liquid,$40.00,https://www.sephora.com/productimages/sku/s2639334-main-zoom.jpg?imwidth=315
concealer,https://www.sephora.com/product/dior-dior-forever-skin-correct-concealer-P454348?skuId=2639235,Dior,Dior Forever Skin Correct Full-Coverage Concealer,Medium,,,,Liquid,$40.00,https://www.sephora.com/productimages/sku/s2639235-main-zoom.jpg?imwidth=315
concealer,https://www.sephora.com/product/dior-dior-forever-skin-correct-concealer-P454348?skuId=2639169,Dior,Dior Forever Skin Correct Full-Coverage Concealer,Medium Deep,,,,Liquid,$40.00,https://www.sephora.com/productimages/sku/s2639169-main-zoom.jpg?imwidth=315
concealer,https://www.sephora.com/product/dior-dior-forever-skin-correct-concealer-P454348?skuId=2639102,Dior,Dior Forever Skin Correct Full-Coverage Concealer,Deep,,,,Liquid,$40.00,https://www.sephora.com/productimages/sku/s2639102-main-zoom.jpg?imwidth=315
concealer,https://www.sephora.com/product/dior-dior-forever-skin-correct-concealer-P454348?skuId=2639078,Dior,Dior Forever Skin Correct Full-Coverage Concealer,Extra Deep,,,,Liquid,$40.00,https://www.sephora.com/productimages/sku/s2639078-main-zoom.jpg?imwidth=315
concealer,https://www.sephora.com/product/skin-full-cover-concealer-P501412?skuId=2595478,Bobbi Brown,Skin Full Coverage Longwear Concealer ,Very Light,,,,Liquid,$35.00,https://www.sephora.com/productimages/sku/s2595478-main-zoom.jpg?imwidth=315
concealer,https://www.sephora.com/product/skin-full-cover-concealer-P501412?skuId=2595668,Bobbi Brown,Skin Full Coverage Longwear Concealer ,Light,,,,Liquid,$35.00,https://www.sephora.com/productimages/sku/s2595668-main-zoom.jpg?imwidth=315
concealer,https://www.sephora.com/product/skin-full-cover-concealer-P501412?skuId=2595536,Bobbi Brown,Skin Full Coverage Longwear Concealer ,Medium,,,,Liquid,$35.00,https://www.sephora.com/productimages/sku/s2595536-main-zoom.jpg?imwidth=315
concealer,https://www.sephora.com/product/skin-full-cover-concealer-P501412?skuId=2595577,Bobbi Brown,Skin Full Coverage Longwear Concealer ,Medium Deep,,,,Liquid,$35.00,https://www.sephora.com/productimages/sku/s2595577-main-zoom.jpg?imwidth=315
concealer,https://www.sephora.com/product/skin-full-cover-concealer-P501412?skuId=2595684,Bobbi Brown,Skin Full Coverage Longwear Concealer ,Deep,,,,Liquid,$35.00,https://www.sephora.com/productimages/sku/s2595684-main-zoom.jpg?imwidth=315
concealer,https://www.sephora.com/product/skin-full-cover-concealer-P501412?skuId=2595643,Bobbi Brown,Skin Full Coverage Longwear Concealer ,Extra Deep,,,,Liquid,$35.00,https://www.sephora.com/productimages/sku/s2595643-main-zoom.jpg?imwidth=315
concealer,https://www.sephora.com/product/true-skin-serum-concealer-P441873?skuId=2442093,ILIA,True Skin Serum Concealer with Vitamin C,Very Light,,,,Liquid,$32.00,https://www.sephora.com/productimages/sku/s2442093-main-zoom.jpg?imwidth=315
concealer,https://www.sephora.com/product/true-skin-serum-concealer-P441873?skuId=2250876,ILIA,True Skin Serum Concealer with Vitamin C,Light,,,,Liquid,$32.00,https://www.sephora.com/productimages/sku/s2250876-main-zoom.jpg?imwidth=315
concealer,https://www.sephora.com/product/true-skin-serum-concealer-P441873?skuId=2196855,ILIA,True Skin Serum Concealer with Vitamin C,Medium,,,,Liquid,$32.00,https://www.sephora.com/productimages/sku/s2196855-main-zoom.jpg?imwidth=315
concealer,https://www.sephora.com/product/true-skin-serum-concealer-P441873?skuId=2334795,ILIA,True Skin Serum Concealer with Vitamin C,Medium Deep,,,,Liquid,$32.00,https://www.sephora.com/productimages/sku/s2334795-main-zoom.jpg?imwidth=315
concealer,https://www.sephora.com/product/true-skin-serum-concealer-P441873?skuId=2442150,ILIA,True Skin Serum Concealer with Vitamin C,Deep,,,,Liquid,$32.00,https://www.sephora.com/productimages/sku/s2442150-main-zoom.jpg?imwidth=315
concealer,https://www.sephora.com/product/true-skin-serum-concealer-P441873?skuId=2442168,ILIA,True Skin Serum Concealer with Vitamin C,Extra Deep,,,,Liquid,$32.00,https://www.sephora.com/productimages/sku/s2442168-main-zoom.jpg?imwidth=315
concealer,https://www.sephora.com/product/fenty-beauty-rihanna-we-re-even-hydrating-longwear-concealer-P509852?skuId=2746378,Fenty Beauty by Rihanna,We're Even Hydrating Longwear Waterproof Concealer,Very Light,,dark circles,,Liquid,$30.00,https://www.sephora.com/productimages/sku/s2746378-main-zoom.jpg?imwidth=315
concealer,https://www.sephora.com/product/fenty-beauty-rihanna-we-re-even-hydrating-longwear-concealer-P509852?skuId=2746709,Fenty Beauty by Rihanna,We're Even Hydrating Longwear Waterproof Concealer,Light,,dark circles,,Liquid,$30.00,https://www.sephora.com/productimages/sku/s2746709-main-zoom.jpg?imwidth=315
concealer,https://www.sephora.com/product/fenty-beauty-rihanna-we-re-even-hydrating-longwear-concealer-P509852?skuId=2746121,Fenty Beauty by Rihanna,We're Even Hydrating Longwear Waterproof Concealer,Medium,,dark circles,,Liquid,$30.00,https://www.sephora.com/productimages/sku/s2746121-main-zoom.jpg?imwidth=315
concealer,https://www.sephora.com/product/fenty-beauty-rihanna-we-re-even-hydrating-longwear-concealer-P509852?skuId=2745891,Fenty Beauty by Rihanna,We're Even Hydrating Longwear Waterproof Concealer,Medium Deep,,dark circles,,Liquid,$30.00,https://www.sephora.com/productimages/sku/s2745891-main-zoom.jpg?imwidth=315
concealer,https://www.sephora.com/product/fenty-beauty-rihanna-we-re-even-hydrating-longwear-concealer-P509852?skuId=2746253,Fenty Beauty by Rihanna,We're Even Hydrating Longwear Waterproof Concealer,Deep,,dark circles,,Liquid,$30.00,https://www.sephora.com/productimages/sku/s2746253-main-zoom.jpg?imwidth=315
concealer,https://www.sephora.com/product/fenty-beauty-rihanna-we-re-even-hydrating-longwear-concealer-P509852?skuId=2746568,Fenty Beauty by Rihanna,We're Even Hydrating Longwear Waterproof Concealer,Extra Deep,,dark circles,,Liquid,$30.00,https://www.sephora.com/productimages/sku/s2746568-main-zoom.jpg?imwidth=315
concealer,https://www.sephora.com/product/future-fluid-all-over-cream-concealer-P500448?skuId=2596070,MILK MAKEUP,Future Fluid Creamy Longwear Hydrating Concealer with Hyaluronic Acid,Very Light,,,,Liquid,$30.00,https://www.sephora.com/productimages/sku/s2596070-main-zoom.jpg?imwidth=315
concealer,https://www.sephora.com/product/future-fluid-all-over-cream-concealer-P500448?skuId=2596112,MILK MAKEUP,Future Fluid Creamy Longwear Hydrating Concealer with Hyaluronic Acid,Light,,,,Liquid,$30.00,https://www.sephora.com/productimages/sku/s2596112-main-zoom.jpg?imwidth=315
concealer,https://www.sephora.com/product/future-fluid-all-over-cream-concealer-P500448?skuId=2596153,MILK MAKEUP,Future Fluid Creamy Longwear Hydrating Concealer with Hyaluronic Acid,Medium,,,,Liquid,$30.00,https://www.sephora.com/productimages/sku/s2596153-main-zoom.jpg?imwidth=315
concealer,https://www.sephora.com/product/future-fluid-all-over-cream-concealer-P500448?skuId=2596211,MILK MAKEUP,Future Fluid Creamy Longwear Hydrating Concealer with Hyaluronic Acid,Medium Deep,,,,Liquid,$30.00,https://www.sephora.com/productimages/sku/s2596211-main-zoom.jpg?imwidth=315
concealer,https://www.sephora.com/product/future-fluid-all-over-cream-concealer-P500448?skuId=2596278,MILK MAKEUP,Future Fluid Creamy Longwear Hydrating Concealer with Hyaluronic Acid,Deep,,,,Liquid,$30.00,https://www.sephora.com/productimages/sku/s2596278-main-zoom.jpg?imwidth=315
concealer,https://www.sephora.com/product/future-fluid-all-over-cream-concealer-P500448?skuId=2596351,MILK MAKEUP,Future Fluid Creamy Longwear Hydrating Concealer with Hyaluronic Acid,Extra Deep,,,,Liquid,$30.00,https://www.sephora.com/productimages/sku/s2596351-main-zoom.jpg?imwidth=315
concealer,https://www.sephora.com/product/surrealskin-tm-awakening-concealer-P507792?skuId=2681922&icid2=products%20grid:p507792:product,MAKEUP BY MARIO,SurrealSkin™ Awakening Concealer,Very Light,,dark circles,,Liquid,$29.00,https://www.sephora.com/productimages/sku/s2681922-main-zoom.jpg?imwidth=315
concealer,https://www.sephora.com/product/surrealskin-tm-awakening-concealer-P507792?skuId=2681955,MAKEUP BY MARIO,SurrealSkin™ Awakening Concealer,Light,,dark circles,,Liquid,$29.00,https://www.sephora.com/productimages/sku/s2681955-main-zoom.jpg?imwidth=315
concealer,https://www.sephora.com/product/surrealskin-tm-awakening-concealer-P507792?skuId=2682003,MAKEUP BY MARIO,SurrealSkin™ Awakening Concealer,Medium,,dark circles,,Liquid,$29.00,https://www.sephora.com/productimages/sku/s2682003-main-zoom.jpg?imwidth=315
concealer,https://www.sephora.com/product/surrealskin-tm-awakening-concealer-P507792?skuId=2682052,MAKEUP BY MARIO,SurrealSkin™ Awakening Concealer,Medium Deep,,dark circles,,Liquid,$29.00,https://www.sephora.com/productimages/sku/s2682052-main-zoom.jpg?imwidth=315
concealer,https://www.sephora.com/product/surrealskin-tm-awakening-concealer-P507792?skuId=2682094,MAKEUP BY MARIO,SurrealSkin™ Awakening Concealer,Deep,,dark circles,,Liquid,$29.00,https://www.sephora.com/productimages/sku/s2682094-main-zoom.jpg?imwidth=315
concealer,https://www.sephora.com/product/surrealskin-tm-awakening-concealer-P507792?skuId=2682136,MAKEUP BY MARIO,SurrealSkin™ Awakening Concealer,Extra Deep,,dark circles,,Liquid,$29.00,https://www.sephora.com/productimages/sku/s2682136-main-zoom.jpg?imwidth=315
concealer,https://www.sephora.com/product/refy-beauty-refy-brightening-blurring-serum-concealer-with-plant-derived-squalene-P511534?skuId=2763373,REFY,Brightening and Blurring Serum Concealer with Plant-Derived Squalene,Very Light,,,,Liquid,$26.00,https://www.sephora.com/productimages/sku/s2763373-main-zoom.jpg?imwidth=315
concealer,https://www.sephora.com/product/refy-beauty-refy-brightening-blurring-serum-concealer-with-plant-derived-squalene-P511534?skuId=2763175,REFY,Brightening and Blurring Serum Concealer with Plant-Derived Squalene,Light,,,,Liquid,$26.00,https://www.sephora.com/productimages/sku/s2763175-main-zoom.jpg?imwidth=315
concealer,https://www.sephora.com/product/refy-beauty-refy-brightening-blurring-serum-concealer-with-plant-derived-squalene-P511534?skuId=2763340,REFY,Brightening and Blurring Serum Concealer with Plant-Derived Squalene,Medium,,,,Liquid,$26.00,https://www.sephora.com/productimages/sku/s2763340-main-zoom.jpg?imwidth=315
concealer,https://www.sephora.com/product/refy-beauty-refy-brightening-blurring-serum-concealer-with-plant-derived-squalene-P511534?skuId=2763183,REFY,Brightening and Blurring Serum Concealer with Plant-Derived Squalene,Medium Deep,,,,Liquid,$26.00,https://www.sephora.com/productimages/sku/s2763183-main-zoom.jpg?imwidth=315
concealer,https://www.sephora.com/product/refy-beauty-refy-brightening-blurring-serum-concealer-with-plant-derived-squalene-P511534?skuId=2763332,REFY,Brightening and Blurring Serum Concealer with Plant-Derived Squalene,Deep,,,,Liquid,$26.00,https://www.sephora.com/productimages/sku/s2763332-main-zoom.jpg?imwidth=315
concealer,https://www.sephora.com/product/refy-beauty-refy-brightening-blurring-serum-concealer-with-plant-derived-squalene-P511534?skuId=2783272,REFY,Brightening and Blurring Serum Concealer with Plant-Derived Squalene,Extra Deep,,,,Liquid,$26.00,https://www.sephora.com/productimages/sku/s2783272-main-zoom.jpg?imwidth=315
concealer,https://www.sephora.com/product/givenchy-prisme-libre-skin-caring-24h-hydrating-radiant-correcting-creamy-concealer-P505129?skuId=2636868,Givenchy,Prisme Libre Skin-Caring 24H Hydrating + Radiant + Correcting Creamy Concealer,Very Light,,dark circles,,Cream,$39.00,https://www.sephora.com/productimages/sku/s2636868-main-zoom.jpg?imwidth=315
concealer,https://www.sephora.com/product/givenchy-prisme-libre-skin-caring-24h-hydrating-radiant-correcting-creamy-concealer-P505129?skuId=2636900,Givenchy,Prisme Libre Skin-Caring 24H Hydrating + Radiant + Correcting Creamy Concealer,Light,,dark circles,,Cream,$39.00,https://www.sephora.com/productimages/sku/s2636900-main-zoom.jpg?imwidth=315
concealer,https://www.sephora.com/product/givenchy-prisme-libre-skin-caring-24h-hydrating-radiant-correcting-creamy-concealer-P505129?skuId=2636942,Givenchy,Prisme Libre Skin-Caring 24H Hydrating + Radiant + Correcting Creamy Concealer,Medium,,dark circles,,Cream,$39.00,https://www.sephora.com/productimages/sku/s2636942-main-zoom.jpg?imwidth=315
concealer,https://www.sephora.com/product/givenchy-prisme-libre-skin-caring-24h-hydrating-radiant-correcting-creamy-concealer-P505129?skuId=2637023,Givenchy,Prisme Libre Skin-Caring 24H Hydrating + Radiant + Correcting Creamy Concealer,Medium Deep,,dark circles,,Cream,$39.00,https://www.sephora.com/productimages/sku/s2637023-main-zoom.jpg?imwidth=315
concealer,https://www.sephora.com/product/givenchy-prisme-libre-skin-caring-24h-hydrating-radiant-correcting-creamy-concealer-P505129?skuId=2637056,Givenchy,Prisme Libre Skin-Caring 24H Hydrating + Radiant + Correcting Creamy Concealer,Deep,,dark circles,,Cream,$39.00,https://www.sephora.com/productimages/sku/s2637056-main-zoom.jpg?imwidth=315
concealer,https://www.sephora.com/product/givenchy-prisme-libre-skin-caring-24h-hydrating-radiant-correcting-creamy-concealer-P505129?skuId=2636785,Givenchy,Prisme Libre Skin-Caring 24H Hydrating + Radiant + Correcting Creamy Concealer,Extra Deep,,dark circles,,Cream,$39.00,https://www.sephora.com/productimages/sku/s2636785-main-zoom.jpg?imwidth=315