,label,url,brand,name,skin_tone,skin_type,price,image
0,foundation,https://www.sephora.com/product/ilia-super-serum-skin-tint-spf-40-P455418?skuId=2333698&icid2=products grid:p455418:product,ilia,super serum skin tint spf 40 skincare foundation,very light,normal,$48.00,https://www.sephora.com/productimages/sku/s2333698-main-zoom.jpg?imwidth=612
1,foundation,https://www.sephora.com/product/ilia-super-serum-skin-tint-spf-40-P455418?skuId=2333664,ilia,super serum skin tint spf 40 skincare foundation,light,normal,$48.00,https://www.sephora.com/productimages/sku/s2333664-main-zoom.jpg?imwidth=612
2,foundation,https://www.sephora.com/product/ilia-super-serum-skin-tint-spf-40-P455418?skuId=2333607,ilia,super serum skin tint spf 40 skincare foundation,medium,normal,$48.00,https://www.sephora.com/productimages/sku/s2333607-main-zoom.jpg?imwidth=612
3,foundation,https://www.sephora.com/product/ilia-super-serum-skin-tint-spf-40-P455418?skuId=2428795,ilia,super serum skin tint spf 40 skincare foundation,medium deep,normal,$48.00,https://www.sephora.com/productimages/sku/s2428795-main-zoom.jpg?imwidth=612
4,foundation,https://www.sephora.com/product/ilia-super-serum-skin-tint-spf-40-P455418?skuId=2333565,ilia,super serum skin tint spf 40 skincare foundation,deep,normal,$48.00,https://www.sephora.com/productimages/sku/s2333565-main-zoom.jpg?imwidth=612
5,foundation,https://www.sephora.com/product/ilia-super-serum-skin-tint-spf-40-P455418?skuId=2428852,ilia,super serum skin tint spf 40 skincare foundation,extra deep,normal,$48.00,https://www.sephora.com/productimages/sku/s2428852-main-zoom.jpg?imwidth=612
6,foundation,https://www.sephora.com/product/triclone-skin-tech-medium-coverage-foundation-with-fermented-arnica-P502185?skuId=2597490,haus labs by lady gaga,triclone skin tech medium coverage foundation with fermented arnica,very light,normal,$45.00,https://www.sephora.com/productimages/sku/s2597490-main-zoom.jpg?imwidth=612
7,foundation,https://www.sephora.com/product/triclone-skin-tech-medium-coverage-foundation-with-fermented-arnica-P502185?skuId=2597433,haus labs by lady gaga,triclone skin tech medium coverage foundation with fermented arnica,light,normal,$45.00,https://www.sephora.com/productimages/sku/s2597433-main-zoom.jpg?imwidth=612
8,foundation,https://www.sephora.com/product/triclone-skin-tech-medium-coverage-foundation-with-fermented-arnica-P502185?skuId=2597276,haus labs by lady gaga,triclone skin tech medium coverage foundation with fermented arnica,medium,normal,$45.00,https://www.sephora.com/productimages/sku/s2597276-main-zoom.jpg?imwidth=612
9,foundation,https://www.sephora.com/product/triclone-skin-tech-medium-coverage-foundation-with-fermented-arnica-P502185?skuId=2597201,haus labs by lady gaga,triclone skin tech medium coverage foundation with fermented arnica,medium deep,normal,$45.00,https://www.sephora.com/productimages/sku/s2597201-main-zoom.jpg?imwidth=612
10,foundation,https://www.sephora.com/product/triclone-skin-tech-medium-coverage-foundation-with-fermented-arnica-P502185?skuId=2597102,haus labs by lady gaga,triclone skin tech medium coverage foundation with fermented arnica,deep,normal,$45.00,https://www.sephora.com/productimages/sku/s2597102-main-zoom.jpg?imwidth=612
11,foundation,https://www.sephora.com/product/triclone-skin-tech-medium-coverage-foundation-with-fermented-arnica-P502185?skuId=2597037,haus labs by lady gaga,triclone skin tech medium coverage foundation with fermented arnica,extra deep,normal,$45.00,https://www.sephora.com/productimages/sku/s2597037-main-zoom.jpg?imwidth=612
12,foundation,https://www.sephora.com/product/reveal-real-soft-radiant-skin-tint-P511752?skuId=2760593,sephora,reveal the real 12hr soft radiant skin tint,very light,"normal, dry, combination, and oily ",$22.00,https://www.sephora.com/productimages/sku/s2760593-main-zoom.jpg?imwidth=612
13,foundation,https://www.sephora.com/product/reveal-real-soft-radiant-skin-tint-P511752?skuId=2760635,sephora,reveal the real 12hr soft radiant skin tint,light,"normal, dry, combination, and oily ",$22.00,https://www.sephora.com/productimages/sku/s2760635-main-zoom.jpg?imwidth=612
14,foundation,https://www.sephora.com/product/reveal-real-soft-radiant-skin-tint-P511752?skuId=2760676,sephora,reveal the real 12hr soft radiant skin tint,medium,"normal, dry, combination, and oily ",$22.00,https://www.sephora.com/productimages/sku/s2760676-main-zoom.jpg?imwidth=612
15,foundation,https://www.sephora.com/product/reveal-real-soft-radiant-skin-tint-P511752?skuId=2760718,sephora,reveal the real 12hr soft radiant skin tint,medium deep,"normal, dry, combination, and oily ",$22.00,https://www.sephora.com/productimages/sku/s2760718-main-zoom.jpg?imwidth=612
16,foundation,https://www.sephora.com/product/reveal-real-soft-radiant-skin-tint-P511752?skuId=2760767,sephora,reveal the real 12hr soft radiant skin tint,deep,"normal, dry, combination, and oily ",$22.00,https://www.sephora.com/productimages/sku/s2760767-main-zoom.jpg?imwidth=612
17,foundation,https://www.sephora.com/product/reveal-real-soft-radiant-skin-tint-P511752?skuId=2760783,sephora,reveal the real 12hr soft radiant skin tint,extra deep,"normal, dry, combination, and oily ",$22.00,https://www.sephora.com/productimages/sku/s2760783-main-zoom.jpg?imwidth=612
18,foundation,https://www.sephora.com/product/charlotte-tilbury-unreal-skin-sheer-glow-tint-hydrating-foundation-stick-P511699?skuId=2765667,charlotte tilbury,unreal skin sheer glow tint hydrating foundation stick,very light,normal,$46.00,https://www.sephora.com/productimages/sku/s2765667-main-zoom.jpg?imwidth=612
19,foundation,https://www.sephora.com/product/charlotte-tilbury-unreal-skin-sheer-glow-tint-hydrating-foundation-stick-P511699?skuId=2765683,charlotte tilbury,unreal skin sheer glow tint hydrating foundation stick,light,normal,$46.00,https://www.sephora.com/productimages/sku/s2765683-main-zoom.jpg?imwidth=612
20,foundation,https://www.sephora.com/product/charlotte-tilbury-unreal-skin-sheer-glow-tint-hydrating-foundation-stick-P511699?skuId=2765717,charlotte tilbury,unreal skin sheer glow tint hydrating foundation stick,medium,normal,$46.00,https://www.sephora.com/productimages/sku/s2765717-main-zoom.jpg?imwidth=612
21,foundation,https://www.sephora.com/product/charlotte-tilbury-unreal-skin-sheer-glow-tint-hydrating-foundation-stick-P511699?skuId=2765758,charlotte tilbury,unreal skin sheer glow tint hydrating foundation stick,medium deep,normal,$46.00,https://www.sephora.com/productimages/sku/s2765758-main-zoom.jpg?imwidth=612
22,foundation,https://www.sephora.com/product/charlotte-tilbury-unreal-skin-sheer-glow-tint-hydrating-foundation-stick-P511699?skuId=2765790,charlotte tilbury,unreal skin sheer glow tint hydrating foundation stick,deep,normal,$46.00,https://www.sephora.com/productimages/sku/s2765790-main-zoom.jpg?imwidth=612
23,foundation,https://www.sephora.com/product/charlotte-tilbury-unreal-skin-sheer-glow-tint-hydrating-foundation-stick-P511699?skuId=2765857,charlotte tilbury,unreal skin sheer glow tint hydrating foundation stick,extra deep,normal,$46.00,https://www.sephora.com/productimages/sku/s2765857-main-zoom.jpg?imwidth=612
24,foundation,https://www.sephora.com/product/luminous-silk-foundation-P393401?skuId=1359553,armani beauty,luminous silk perfect glow flawless oil-free foundation,very light,normal,$69.00,https://www.sephora.com/productimages/sku/s1359553-main-zoom.jpg?imwidth=612
25,foundation,https://www.sephora.com/product/luminous-silk-foundation-P393401?skuId=1359538,armani beauty,luminous silk perfect glow flawless oil-free foundation,light,normal,$69.00,https://www.sephora.com/productimages/sku/s1359538-main-zoom.jpg?imwidth=612
26,foundation,https://www.sephora.com/product/luminous-silk-foundation-P393401?skuId=2340891,armani beauty,luminous silk perfect glow flawless oil-free foundation,medium,normal,$69.00,https://www.sephora.com/productimages/sku/s2340891-main-zoom.jpg?imwidth=612
27,foundation,https://www.sephora.com/product/luminous-silk-foundation-P393401?skuId=1359678,armani beauty,luminous silk perfect glow flawless oil-free foundation,medium deep,normal,$69.00,https://www.sephora.com/productimages/sku/s1359678-main-zoom.jpg?imwidth=612
28,foundation,https://www.sephora.com/product/luminous-silk-foundation-P393401?skuId=1359702,armani beauty,luminous silk perfect glow flawless oil-free foundation,deep,normal,$69.00,https://www.sephora.com/productimages/sku/s1359702-main-zoom.jpg?imwidth=612
29,foundation,https://www.sephora.com/product/luminous-silk-foundation-P393401?skuId=2079200,armani beauty,luminous silk perfect glow flawless oil-free foundation,extra deep,normal,$69.00,https://www.sephora.com/productimages/sku/s2079200-main-zoom.jpg?imwidth=612
30,foundation,https://www.sephora.com/product/hollywood-flawless-filter-P434104?skuId=2116010,charlotte tilbury,hollywood flawless filter,very light,normal,$49.00,https://www.sephora.com/productimages/sku/s2116010-main-zoom.jpg?imwidth=612
31,foundation,https://www.sephora.com/product/hollywood-flawless-filter-P434104?skuId=2419786,charlotte tilbury,hollywood flawless filter,light,normal,$49.00,https://www.sephora.com/productimages/sku/s2419786-main-zoom.jpg?imwidth=612
32,foundation,https://www.sephora.com/product/hollywood-flawless-filter-P434104?skuId=2419794,charlotte tilbury,hollywood flawless filter,medium,normal,$49.00,https://www.sephora.com/productimages/sku/s2419794-main-zoom.jpg?imwidth=612
33,foundation,https://www.sephora.com/product/hollywood-flawless-filter-P434104?skuId=2419802,charlotte tilbury,hollywood flawless filter,medium deep,normal,$49.00,https://www.sephora.com/productimages/sku/s2419802-main-zoom.jpg?imwidth=612
34,foundation,https://www.sephora.com/product/hollywood-flawless-filter-P434104?skuId=2419810,charlotte tilbury,hollywood flawless filter,deep,normal,$49.00,https://www.sephora.com/productimages/sku/s2419810-main-zoom.jpg?imwidth=612
35,foundation,https://www.sephora.com/product/hollywood-flawless-filter-P434104?skuId=2419828,charlotte tilbury,hollywood flawless filter,extra deep,normal,$49.00,https://www.sephora.com/productimages/sku/s2419828-main-zoom.jpg?imwidth=612
36,foundation,https://www.sephora.com/product/dior-forever-skin-perfect-24h-multi-use-foundation-P512480?skuId=2789105&icid2=products%20grid:p512480:product,dior,forever skin perfect 24h multi-use foundation stick,very light,normal,$52.00,https://www.sephora.com/productimages/sku/s2789105-main-zoom.jpg?imwidth=612
37,foundation,https://www.sephora.com/product/dior-forever-skin-perfect-24h-multi-use-foundation-P512480?skuId=2789121,dior,forever skin perfect 24h multi-use foundation stick,light,normal,$52.00,https://www.sephora.com/productimages/sku/s2789121-main-zoom.jpg?imwidth=612
38,foundation,https://www.sephora.com/product/dior-forever-skin-perfect-24h-multi-use-foundation-P512480?skuId=2789212,dior,forever skin perfect 24h multi-use foundation stick,medium,normal,$52.00,https://www.sephora.com/productimages/sku/s2789212-main-zoom.jpg?imwidth=612
39,foundation,https://www.sephora.com/product/dior-forever-skin-perfect-24h-multi-use-foundation-P512480?skuId=2789238,dior,forever skin perfect 24h multi-use foundation stick,medium deep,normal,$52.00,https://www.sephora.com/productimages/sku/s2789238-main-zoom.jpg?imwidth=612
40,foundation,https://www.sephora.com/product/dior-forever-skin-perfect-24h-multi-use-foundation-P512480?skuId=2789253,dior,forever skin perfect 24h multi-use foundation stick,deep,normal,$52.00,https://www.sephora.com/productimages/sku/s2789253-main-zoom.jpg?imwidth=612
41,foundation,https://www.sephora.com/product/dior-forever-skin-perfect-24h-multi-use-foundation-P512480?skuId=2789279,dior,forever skin perfect 24h multi-use foundation stick,extra deep,normal,$52.00,https://www.sephora.com/productimages/sku/s2789279-main-zoom.jpg?imwidth=612
42,foundation,https://www.sephora.com/product/makeup-by-mario-surreal-foundation-P503679?skuId=2620235,makeup by mario,surrealskin™ liquid foundation,very light,normal,$42.00,https://www.sephora.com/productimages/sku/s2620235-main-zoom.jpg?imwidth=612
43,foundation,https://www.sephora.com/product/makeup-by-mario-surreal-foundation-P503679?skuId=2620268,makeup by mario,surrealskin™ liquid foundation,light,normal,$42.00,https://www.sephora.com/productimages/sku/s2620268-main-zoom.jpg?imwidth=612
44,foundation,https://www.sephora.com/product/makeup-by-mario-surreal-foundation-P503679?skuId=2620359,makeup by mario,surrealskin™ liquid foundation,medium,normal,$42.00,https://www.sephora.com/productimages/sku/s2620359-main-zoom.jpg?imwidth=612
45,foundation,https://www.sephora.com/product/makeup-by-mario-surreal-foundation-P503679?skuId=2620425,makeup by mario,surrealskin™ liquid foundation,medium deep,normal,$42.00,https://www.sephora.com/productimages/sku/s2620425-main-zoom.jpg?imwidth=612
46,foundation,https://www.sephora.com/product/makeup-by-mario-surreal-foundation-P503679?skuId=2620482,makeup by mario,surrealskin™ liquid foundation,deep,normal,$42.00,https://www.sephora.com/productimages/sku/s2620482-main-zoom.jpg?imwidth=612
47,foundation,https://www.sephora.com/product/makeup-by-mario-surreal-foundation-P503679?skuId=2620482,makeup by mario,surrealskin™ liquid foundation,extra deep,normal,$42.00,https://www.sephora.com/productimages/sku/s2620482-main-zoom.jpg?imwidth=612
48,foundation,https://www.sephora.com/product/nars-light-reflecting-advance-skincare-foundation-P479338?skuId=2514743,nars,light reflecting advanced skincare foundation,very light,normal,$52.00,https://www.sephora.com/productimages/sku/s2514743-main-zoom.jpg?imwidth=612
49,foundation,https://www.sephora.com/product/nars-light-reflecting-advance-skincare-foundation-P479338?skuId=2514719,nars,light reflecting advanced skincare foundation,light,normal,$52.00,https://www.sephora.com/productimages/sku/s2514719-main-zoom.jpg?imwidth=612
50,foundation,https://www.sephora.com/product/nars-light-reflecting-advance-skincare-foundation-P479338?skuId=2514628,nars,light reflecting advanced skincare foundation,medium,normal,$52.00,https://www.sephora.com/productimages/sku/s2514628-main-zoom.jpg?imwidth=612
51,foundation,https://www.sephora.com/product/nars-light-reflecting-advance-skincare-foundation-P479338?skuId=2514552,nars,light reflecting advanced skincare foundation,medium deep,normal,$52.00,https://www.sephora.com/productimages/sku/s2514552-main-zoom.jpg?imwidth=612
52,foundation,https://www.sephora.com/product/nars-light-reflecting-advance-skincare-foundation-P479338?skuId=2514461,nars,light reflecting advanced skincare foundation,deep,normal,$52.00,https://www.sephora.com/productimages/sku/s2514461-main-zoom.jpg?imwidth=612
53,foundation,https://www.sephora.com/product/nars-light-reflecting-advance-skincare-foundation-P479338?skuId=2550481,nars,light reflecting advanced skincare foundation,extra deep,normal,$52.00,https://www.sephora.com/productimages/sku/s2550481-main-zoom.jpg?imwidth=612
54,foundation,https://www.sephora.com/product/urban-decay-face-bond-self-setting-waterproof-foundation-P509419?skuId=2741684,urban decay,face bond self setting waterproof foundation,very light,"normal, combination, and oily",$40.00,https://www.sephora.com/productimages/sku/s2741684-main-zoom.jpg?imwidth=612
55,foundation,https://www.sephora.com/product/urban-decay-face-bond-self-setting-waterproof-foundation-P509419?skuId=2741833,urban decay,face bond self setting waterproof foundation,light,"normal, combination, and oily",$40.00,https://www.sephora.com/productimages/sku/s2741734-main-zoom.jpg?imwidth=612
56,foundation,https://www.sephora.com/product/urban-decay-face-bond-self-setting-waterproof-foundation-P509419?skuId=2741833,urban decay,face bond self setting waterproof foundation,medium,"normal, combination, and oily",$40.00,https://www.sephora.com/productimages/sku/s2741833-main-zoom.jpg?imwidth=612
57,foundation,https://www.sephora.com/product/urban-decay-face-bond-self-setting-waterproof-foundation-P509419?skuId=2741916,urban decay,face bond self setting waterproof foundation,medium deep,"normal, combination, and oily",$40.00,https://www.sephora.com/productimages/sku/s2741916-main-zoom.jpg?imwidth=612
58,foundation,https://www.sephora.com/product/urban-decay-face-bond-self-setting-waterproof-foundation-P509419?skuId=2741999,urban decay,face bond self setting waterproof foundation,deep,"normal, combination, and oily",$40.00,https://www.sephora.com/productimages/sku/s2741999-main-zoom.jpg?imwidth=612
59,foundation,https://www.sephora.com/product/urban-decay-face-bond-self-setting-waterproof-foundation-P509419?skuId=2742047,urban decay,face bond self setting waterproof foundation,extra deep,"normal, combination, and oily",$40.00,https://www.sephora.com/productimages/sku/s2742047-main-zoom.jpg?imwidth=612
60,foundation,https://www.sephora.com/product/prada-beauty-reveal-skin-optimizing-refillable-soft-matte-foundation-P509693?skuId=2754323,prada beauty,reveal skin-optimizing refillable soft matte foundation,very light,normal,$70.00,https://www.sephora.com/productimages/sku/s2754323-main-zoom.jpg?imwidth=612
61,foundation,https://www.sephora.com/product/prada-beauty-reveal-skin-optimizing-refillable-soft-matte-foundation-P509693?skuId=2754349,prada beauty,reveal skin-optimizing refillable soft matte foundation,light,normal,$70.00,https://www.sephora.com/productimages/sku/s2754349-main-zoom.jpg?imwidth=612
62,foundation,https://www.sephora.com/product/prada-beauty-reveal-skin-optimizing-refillable-soft-matte-foundation-P509693?skuId=2754448,prada beauty,reveal skin-optimizing refillable soft matte foundation,medium,normal,$70.00,https://www.sephora.com/productimages/sku/s2754448-main-zoom.jpg?imwidth=612
63,foundation,https://www.sephora.com/product/prada-beauty-reveal-skin-optimizing-refillable-soft-matte-foundation-P509693?skuId=2754521,prada beauty,reveal skin-optimizing refillable soft matte foundation,medium deep,normal,$70.00,https://www.sephora.com/productimages/sku/s2754521-main-zoom.jpg?imwidth=612
64,foundation,https://www.sephora.com/product/prada-beauty-reveal-skin-optimizing-refillable-soft-matte-foundation-P509693?skuId=2754208,prada beauty,reveal skin-optimizing refillable soft matte foundation,deep,normal,$70.00,https://www.sephora.com/productimages/sku/s2754208-main-zoom.jpg?imwidth=612
65,foundation,https://www.sephora.com/product/prada-beauty-reveal-skin-optimizing-refillable-soft-matte-foundation-P509693?skuId=2754257,prada beauty,reveal skin-optimizing refillable soft matte foundation,extra deep,normal,$70.00,https://www.sephora.com/productimages/sku/s2754257-main-zoom.jpg?imwidth=612
66,foundation,https://www.sephora.com/product/rare-beauty-by-selena-gomez-liquid-touch-weightless-foundation-P49848448?skuId=2354124,rare beauty by selena gomez,liquid touch weightless foundation,very light,normal and combination,$15.00,https://www.sephora.com/productimages/sku/s2354124-main-zoom.jpg?imwidth=612
67,foundation,https://www.sephora.com/product/rare-beauty-by-selena-gomez-liquid-touch-weightless-foundation-P49848448?skuId=2361178,rare beauty by selena gomez,liquid touch weightless foundation,light,normal and combination,$15.00,https://www.sephora.com/productimages/sku/s2361178-main-zoom.jpg?imwidth=612
68,foundation,https://www.sephora.com/product/rare-beauty-by-selena-gomez-liquid-touch-weightless-foundation-P49848448?skuId=2361244,rare beauty by selena gomez,liquid touch weightless foundation,medium,normal and combination,$15.00,https://www.sephora.com/productimages/sku/s2361244-main-zoom.jpg?imwidth=612
69,foundation,https://www.sephora.com/product/rare-beauty-by-selena-gomez-liquid-touch-weightless-foundation-P49848448?skuId=2361400,rare beauty by selena gomez,liquid touch weightless foundation,medium deep,normal and combination,$15.00,https://www.sephora.com/productimages/sku/s2361400-main-zoom.jpg?imwidth=612
70,foundation,https://www.sephora.com/product/rare-beauty-by-selena-gomez-liquid-touch-weightless-foundation-P49848448?skuId=2361533,rare beauty by selena gomez,liquid touch weightless foundation,deep,normal and combination,$15.00,https://www.sephora.com/productimages/sku/s2361533-main-zoom.jpg?imwidth=612
71,foundation,https://www.sephora.com/product/rare-beauty-by-selena-gomez-liquid-touch-weightless-foundation-P49848448?skuId=2361590,rare beauty by selena gomez,liquid touch weightless foundation,extra deep,normal and combination,$15.00,https://www.sephora.com/productimages/sku/s2361590-main-zoom.jpg?imwidth=612
72,foundation,https://www.sephora.com/product/weightless-skin-oil-controlling-foundation-spf-15-with-hyaluronic-acid-P512885?skuId=2798635,bobbi brown,weightless skin oil-controlling foundation spf 15 with hyaluronic acid,very light,normal,$57.00,https://www.sephora.com/productimages/sku/s2798635-main-zoom.jpg?imwidth=612
73,foundation,https://www.sephora.com/product/weightless-skin-oil-controlling-foundation-spf-15-with-hyaluronic-acid-P512885?skuId=2798502,bobbi brown,weightless skin oil-controlling foundation spf 15 with hyaluronic acid,light,normal,$57.00,https://www.sephora.com/productimages/sku/s2798502-main-zoom.jpg?imwidth=612
74,foundation,https://www.sephora.com/product/weightless-skin-oil-controlling-foundation-spf-15-with-hyaluronic-acid-P512885?skuId=2798387,bobbi brown,weightless skin oil-controlling foundation spf 15 with hyaluronic acid,medium,normal,$57.00,https://www.sephora.com/productimages/sku/s2798387-main-zoom.jpg?imwidth=612
75,foundation,https://www.sephora.com/product/weightless-skin-oil-controlling-foundation-spf-15-with-hyaluronic-acid-P512885?skuId=2798452,bobbi brown,weightless skin oil-controlling foundation spf 15 with hyaluronic acid,medium deep,normal,$57.00,https://www.sephora.com/productimages/sku/s2798452-main-zoom.jpg?imwidth=612
76,foundation,https://www.sephora.com/product/weightless-skin-oil-controlling-foundation-spf-15-with-hyaluronic-acid-P512885?skuId=2798486,bobbi brown,weightless skin oil-controlling foundation spf 15 with hyaluronic acid,deep,normal,$57.00,https://www.sephora.com/productimages/sku/s2798486-main-zoom.jpg?imwidth=612
77,foundation,https://www.sephora.com/product/weightless-skin-oil-controlling-foundation-spf-15-with-hyaluronic-acid-P512885?skuId=2798627,bobbi brown,weightless skin oil-controlling foundation spf 15 with hyaluronic acid,extra deep,normal,$57.00,https://www.sephora.com/productimages/sku/s2798627-main-zoom.jpg?imwidth=612
78,foundation,https://www.sephora.com/product/double-wear-stay-in-place-makeup-P378284?skuId=2112183,estée lauder,double wear stay-in-place foundation,very light,combination and oily,$52.00,https://www.sephora.com/productimages/sku/s2112183-main-zoom.jpg?imwidth=612
79,foundation,https://www.sephora.com/product/double-wear-stay-in-place-makeup-P378284?skuId=1465186,estée lauder,double wear stay-in-place foundation,light,combination and oily,$52.00,https://www.sephora.com/productimages/sku/s1465186-main-zoom.jpg?imwidth=612
80,foundation,https://www.sephora.com/product/double-wear-stay-in-place-makeup-P378284?skuId=1465160,estée lauder,double wear stay-in-place foundation,medium,combination and oily,$52.00,https://www.sephora.com/productimages/sku/s1465160-main-zoom.jpg?imwidth=612
81,foundation,https://www.sephora.com/product/double-wear-stay-in-place-makeup-P378284?skuId=1465251,estée lauder,double wear stay-in-place foundation,medium deep,combination and oily,$52.00,https://www.sephora.com/productimages/sku/s1465251-main-zoom.jpg?imwidth=612
82,foundation,https://www.sephora.com/product/double-wear-stay-in-place-makeup-P378284?skuId=1465236,estée lauder,double wear stay-in-place foundation,deep,combination and oily,$52.00,https://www.sephora.com/productimages/sku/s1465236-main-zoom.jpg?imwidth=612
83,foundation,https://www.sephora.com/product/double-wear-stay-in-place-makeup-P378284?skuId=1778570,estée lauder,double wear stay-in-place foundation,extra deep,combination and oily,$52.00,https://www.sephora.com/productimages/sku/s1778570-main-zoom.jpg?imwidth=612
84,foundation,https://www.sephora.com/product/teint-idole-ultra-24h-long-wear-foundation-P308201?skuId=2667772,lancôme,teint idole ultra 24h long wear matte foundation,very light,normal,$57.00,https://www.sephora.com/productimages/sku/s2667772-main-zoom.jpg?imwidth=612
85,foundation,https://www.sephora.com/product/teint-idole-ultra-24h-long-wear-foundation-P308201?skuId=2667855,lancôme,teint idole ultra 24h long wear matte foundation,light,normal,$57.00,https://www.sephora.com/productimages/sku/s2667855-main-zoom.jpg?imwidth=612
86,foundation,https://www.sephora.com/product/teint-idole-ultra-24h-long-wear-foundation-P308201?skuId=2667962,lancôme,teint idole ultra 24h long wear matte foundation,medium,normal,$57.00,https://www.sephora.com/productimages/sku/s2667962-main-zoom.jpg?imwidth=612
87,foundation,https://www.sephora.com/product/teint-idole-ultra-24h-long-wear-foundation-P308201?skuId=2668085,lancôme,teint idole ultra 24h long wear matte foundation,medium deep,normal,$57.00,https://www.sephora.com/productimages/sku/s2668085-main-zoom.jpg?imwidth=612
88,foundation,https://www.sephora.com/product/teint-idole-ultra-24h-long-wear-foundation-P308201?skuId=2668192,lancôme,teint idole ultra 24h long wear matte foundation,deep,normal,$57.00,https://www.sephora.com/productimages/sku/s2668192-main-zoom.jpg?imwidth=612
89,foundation,https://www.sephora.com/product/teint-idole-ultra-24h-long-wear-foundation-P308201?skuId=2744613,lancôme,teint idole ultra 24h long wear matte foundation,extra deep,normal,$57.00,https://www.sephora.com/productimages/sku/s2744613-main-zoom.jpg?imwidth=612
90,foundation,https://www.sephora.com/product/gucci-fluide-de-beaute-fini-naturel-natural-finish-fluid-foundation-P467622?skuId=2638575,gucci,24 hour full coverage luminous matte finish foundation,very light,normal,$69.00,https://www.sephora.com/productimages/sku/s2638575-main-zoom.jpg?imwidth=612
91,foundation,https://www.sephora.com/product/gucci-fluide-de-beaute-fini-naturel-natural-finish-fluid-foundation-P467622?skuId=2638617,gucci,24 hour full coverage luminous matte finish foundation,light,normal,$69.00,https://www.sephora.com/productimages/sku/s2638617-main-zoom.jpg?imwidth=612
92,foundation,https://www.sephora.com/product/gucci-fluide-de-beaute-fini-naturel-natural-finish-fluid-foundation-P467622?skuId=2638674,gucci,24 hour full coverage luminous matte finish foundation,medium,normal,$69.00,https://www.sephora.com/productimages/sku/s2638674-main-zoom.jpg?imwidth=612
93,foundation,https://www.sephora.com/product/gucci-fluide-de-beaute-fini-naturel-natural-finish-fluid-foundation-P467622?skuId=2666642,gucci,24 hour full coverage luminous matte finish foundation,medium deep,normal,$69.00,https://sephora.com/productimages/sku/s2666642-main-zoom.jpg?imwidth=612
94,foundation,https://www.sephora.com/product/gucci-fluide-de-beaute-fini-naturel-natural-finish-fluid-foundation-P467622?skuId=2666667,gucci,24 hour full coverage luminous matte finish foundation,deep,normal,$69.00,https://www.sephora.com/productimages/sku/s2666667-main-zoom.jpg?imwidth=612
95,foundation,https://www.sephora.com/product/gucci-fluide-de-beaute-fini-naturel-natural-finish-fluid-foundation-P467622?skuId=2666766,gucci,24 hour full coverage luminous matte finish foundation,extra deep,normal,$69.00,https://www.sephora.com/productimages/sku/s2666766-main-zoom.jpg?imwidth=612
96,foundation,https://www.sephora.com/product/pro-filtr-soft-matte-longwear-foundation-P87985432?skuId=1925122,fenty beauty by rihanna,pro filt’r soft matte longwear liquid foundation,very light,normal,$40.00,https://www.sephora.com/productimages/sku/s1925122-main-zoom.jpg?imwidth=612
97,foundation,https://www.sephora.com/product/pro-filtr-soft-matte-longwear-foundation-P87985432?skuId=1925197,fenty beauty by rihanna,pro filt’r soft matte longwear liquid foundation,light,normal,$40.00,https://www.sephora.com/productimages/sku/s1925197-main-zoom.jpg?imwidth=612
98,foundation,https://www.sephora.com/product/pro-filtr-soft-matte-longwear-foundation-P87985432?skuId=1925254,fenty beauty by rihanna,pro filt’r soft matte longwear liquid foundation,medium,normal,$40.00,https://www.sephora.com/productimages/sku/s1925254-main-zoom.jpg?imwidth=612
99,foundation,https://www.sephora.com/product/pro-filtr-soft-matte-longwear-foundation-P87985432?skuId=2590057,fenty beauty by rihanna,pro filt’r soft matte longwear liquid foundation,medium deep,normal,$40.00,https://www.sephora.com/productimages/sku/s2590057-main-zoom.jpg?imwidth=612
100,foundation,https://www.sephora.com/product/pro-filtr-soft-matte-longwear-foundation-P87985432?skuId=1925411,fenty beauty by rihanna,pro filt’r soft matte longwear liquid foundation,deep,normal,$40.00,https://www.sephora.com/productimages/sku/s1925411-main-zoom.jpg?imwidth=612
101,foundation,https://www.sephora.com/product/pro-filtr-soft-matte-longwear-foundation-P87985432?skuId=1925502,fenty beauty by rihanna,pro filt’r soft matte longwear liquid foundation,extra deep,normal,$40.00,https://www.sephora.com/productimages/sku/s1925502-main-zoom.jpg?imwidth=612
102,foundation,https://www.sephora.com/product/born-this-way-P397517?skuId=1960814,too faced,born this way natural finish longwear liquid foundation,very light,normal,$47.00,https://www.sephora.com/productimages/sku/s1960814-main-zoom.jpg?imwidth=612
103,foundation,https://www.sephora.com/product/born-this-way-P397517?skuId=1762616,too faced,born this way natural finish longwear liquid foundation,light,normal,$47.00,https://www.sephora.com/productimages/sku/s1762616-main-zoom.jpg?imwidth=612
104,foundation,https://www.sephora.com/product/born-this-way-P397517?skuId=1711977,too faced,born this way natural finish longwear liquid foundation,medium,normal,$47.00,https://www.sephora.com/productimages/sku/s1711977-main-zoom.jpg?imwidth=612
105,foundation,https://www.sephora.com/product/born-this-way-P397517?skuId=2084622,too faced,born this way natural finish longwear liquid foundation,medium deep,normal,$47.00,https://www.sephora.com/productimages/sku/s2084622-main-zoom.jpg?imwidth=612
106,foundation,https://www.sephora.com/product/born-this-way-P397517?skuId=2084655,too faced,born this way natural finish longwear liquid foundation,deep,normal,$47.00,https://www.sephora.com/productimages/sku/s2084655-main-zoom.jpg?imwidth=612
107,foundation,https://www.sephora.com/product/born-this-way-P397517?skuId=2084697,too faced,born this way natural finish longwear liquid foundation,extra deep,normal,$47.00,https://www.sephora.com/productimages/sku/s2084697-main-zoom.jpg?imwidth=612
108,foundation,https://www.sephora.com/product/make-up-for-ever-hd-skin-hydra-glow-skincare-foundation-with-hyaluronic-acid-P510064?skuId=2738342,make up for ever,hd skin hydra glow hydrating foundation with hyaluronic acid,very light,normal,$47.00,https://www.sephora.com/productimages/sku/s2738342-main-zoom.jpg?imwidth=612
109,foundation,https://www.sephora.com/product/make-up-for-ever-hd-skin-hydra-glow-skincare-foundation-with-hyaluronic-acid-P510064?skuId=2738383,make up for ever,hd skin hydra glow hydrating foundation with hyaluronic acid,light,normal,$47.00,https://www.sephora.com/productimages/sku/s2738383-main-zoom.jpg?imwidth=612
110,foundation,https://www.sephora.com/product/make-up-for-ever-hd-skin-hydra-glow-skincare-foundation-with-hyaluronic-acid-P510064?skuId=2738433,make up for ever,hd skin hydra glow hydrating foundation with hyaluronic acid,medium,normal,$47.00,https://www.sephora.com/productimages/sku/s2738433-main-zoom.jpg?imwidth=612
111,foundation,https://www.sephora.com/product/make-up-for-ever-hd-skin-hydra-glow-skincare-foundation-with-hyaluronic-acid-P510064?skuId=2738516,make up for ever,hd skin hydra glow hydrating foundation with hyaluronic acid,medium deep,normal,$47.00,https://www.sephora.com/productimages/sku/s2738516-main-zoom.jpg?imwidth=612
112,foundation,https://www.sephora.com/product/make-up-for-ever-hd-skin-hydra-glow-skincare-foundation-with-hyaluronic-acid-P510064?skuId=2738086,make up for ever,hd skin hydra glow hydrating foundation with hyaluronic acid,deep,normal,$47.00,https://www.sephora.com/productimages/sku/s2738086-main-zoom.jpg?imwidth=612
113,foundation,https://www.sephora.com/product/make-up-for-ever-hd-skin-hydra-glow-skincare-foundation-with-hyaluronic-acid-P510064?skuId=2738144,make up for ever,hd skin hydra glow hydrating foundation with hyaluronic acid,extra deep,normal,$47.00,https://www.sephora.com/productimages/sku/s2738144-main-zoom.jpg?imwidth=612
114,foundation,https://www.sephora.com/product/saie-glowy-super-skin-lightweight-hydrobounce-serum-foundation-P504907?skuId=2637478,saie,glowy super skin tint foundation with hyaluronic acid,very light,normal,$40.00,https://www.sephora.com/productimages/sku/s2637478-main-zoom.jpg?imwidth=612
115,foundation,https://www.sephora.com/product/saie-glowy-super-skin-lightweight-hydrobounce-serum-foundation-P504907?skuId=2637411,saie,glowy super skin tint foundation with hyaluronic acid,light,normal,$40.00,https://www.sephora.com/productimages/sku/s2637411-main-zoom.jpg?imwidth=612
116,foundation,https://www.sephora.com/product/saie-glowy-super-skin-lightweight-hydrobounce-serum-foundation-P504907?skuId=2637320,saie,glowy super skin tint foundation with hyaluronic acid,medium,normal,$40.00,https://www.sephora.com/productimages/sku/s2637320-main-zoom.jpg?imwidth=612
117,foundation,https://www.sephora.com/product/saie-glowy-super-skin-lightweight-hydrobounce-serum-foundation-P504907?skuId=2637247,saie,glowy super skin tint foundation with hyaluronic acid,medium deep,normal,$40.00,https://www.sephora.com/productimages/sku/s2637247-main-zoom.jpg?imwidth=612
118,foundation,https://www.sephora.com/product/saie-glowy-super-skin-lightweight-hydrobounce-serum-foundation-P504907?skuId=2637205,saie,glowy super skin tint foundation with hyaluronic acid,deep,normal,$40.00,https://www.sephora.com/productimages/sku/s2637205-main-zoom.jpg?imwidth=612
119,foundation,https://www.sephora.com/product/saie-glowy-super-skin-lightweight-hydrobounce-serum-foundation-P504907?skuId=2637734,saie,glowy super skin tint foundation with hyaluronic acid,extra deep,normal,$40.00,https://www.sephora.com/productimages/sku/s2637734-main-zoom.jpg?imwidth=612
120,foundation,https://www.sephora.com/product/kosas-revealer-skin-improving-foundation-spf25-with-hyaluronic-acid-niacinamide-P481396?skuId=2512416,kosas,revealer skin-improving foundation spf 25 with hyaluronic acid and niacinamide,very light,normal,$42.00,https://www.sephora.com/productimages/sku/s2512416-main-zoom.jpg?imwidth=612
121,foundation,https://www.sephora.com/product/kosas-revealer-skin-improving-foundation-spf25-with-hyaluronic-acid-niacinamide-P481396?skuId=2512366,kosas,revealer skin-improving foundation spf 25 with hyaluronic acid and niacinamide,light,normal,$42.00,https://www.sephora.com/productimages/sku/s2512366-main-zoom.jpg?imwidth=612
122,foundation,https://www.sephora.com/product/kosas-revealer-skin-improving-foundation-spf25-with-hyaluronic-acid-niacinamide-P481396?skuId=2512283,kosas,revealer skin-improving foundation spf 25 with hyaluronic acid and niacinamide,medium,normal,$42.00,https://www.sephora.com/productimages/sku/s2512283-main-zoom.jpg?imwidth=612
123,foundation,https://www.sephora.com/product/kosas-revealer-skin-improving-foundation-spf25-with-hyaluronic-acid-niacinamide-P481396?skuId=2512218,kosas,revealer skin-improving foundation spf 25 with hyaluronic acid and niacinamide,medium deep,normal,$42.00,https://www.sephora.com/productimages/sku/s2512218-main-zoom.jpg?imwidth=612
124,foundation,https://www.sephora.com/product/kosas-revealer-skin-improving-foundation-spf25-with-hyaluronic-acid-niacinamide-P481396?skuId=2512135,kosas,revealer skin-improving foundation spf 25 with hyaluronic acid and niacinamide,deep,normal,$42.00,https://www.sephora.com/productimages/sku/s2512135-main-zoom.jpg?imwidth=612
125,foundation,https://www.sephora.com/product/kosas-revealer-skin-improving-foundation-spf25-with-hyaluronic-acid-niacinamide-P481396?skuId=2512077,kosas,revealer skin-improving foundation spf 25 with hyaluronic acid and niacinamide,extra deep,normal,$42.00,https://www.sephora.com/productimages/sku/s2512077-main-zoom.jpg?imwidth=612
126,concealer,https://www.sephora.com/product/swipe-all-over-hydrating-serum-concealer-P507142?skuId=2697480&icid2=products%20grid:p507142:product,tower 28 beauty,swipe all-over hydrating serum concealer,very light,normal,$22.00,https://www.sephora.com/productimages/sku/s2697480-main-zoom.jpg?imwidth=612
127,concealer,https://www.sephora.com/product/swipe-all-over-hydrating-serum-concealer-P507142?skuId=2697506&icid2=products%20grid:p507142:product,tower 28 beauty,swipe all-over hydrating serum concealer,light,normal,$22.00,https://www.sephora.com/productimages/sku/s2697506-main-zoom.jpg?imwidth=612
128,concealer,https://www.sephora.com/product/swipe-all-over-hydrating-serum-concealer-P507142?skuId=2697548&icid2=products%20grid:p507142:product,tower 28 beauty,swipe all-over hydrating serum concealer,medium,normal,$22.00,https://www.sephora.com/productimages/sku/s2697548-main-zoom.jpg?imwidth=612
129,concealer,https://www.sephora.com/product/swipe-all-over-hydrating-serum-concealer-P507142?skuId=2697597&icid2=products%20grid:p507142:product,tower 28 beauty,swipe all-over hydrating serum concealer,medium deep,normal,$22.00,https://www.sephora.com/productimages/sku/s2697597-main-zoom.jpg?imwidth=612
130,concealer,https://www.sephora.com/product/swipe-all-over-hydrating-serum-concealer-P507142?skuId=2697621&icid2=products%20grid:p507142:product,tower 28 beauty,swipe all-over hydrating serum concealer,deep,normal,$22.00,https://www.sephora.com/productimages/sku/s2697621-main-zoom.jpg?imwidth=612
131,concealer,https://www.sephora.com/product/swipe-all-over-hydrating-serum-concealer-P507142?skuId=2697670&icid2=products%20grid:p507142:product,tower 28 beauty,swipe all-over hydrating serum concealer,extra deep,normal,$22.00,https://www.sephora.com/productimages/sku/s2697670-main-zoom.jpg?imwidth=612
132,concealer,https://www.sephora.com/product/hourglass-vanish-airbrush-concealer-P454042?skuId=2302909,hourglass,vanish™ airbrush concealer,very light,"normal, dry, combination, and oily",$36.00,https://www.sephora.com/productimages/sku/s2302909-main-zoom.jpg?imwidth=612
133,concealer,https://www.sephora.com/product/hourglass-vanish-airbrush-concealer-P454042?skuId=2302933,hourglass,vanish™ airbrush concealer,light,"normal, dry, combination, and oily",$36.00,https://www.sephora.com/productimages/sku/s2302933-main-zoom.jpg?imwidth=612
134,concealer,https://www.sephora.com/product/hourglass-vanish-airbrush-concealer-P454042?skuId=2302990,hourglass,vanish™ airbrush concealer,medium,"normal, dry, combination, and oily",$36.00,https://www.sephora.com/productimages/sku/s2302990-main-zoom.jpg?imwidth=612
135,concealer,https://www.sephora.com/product/hourglass-vanish-airbrush-concealer-P454042?skuId=2303014,hourglass,vanish™ airbrush concealer,medium deep,"normal, dry, combination, and oily",$36.00,https://www.sephora.com/productimages/sku/s2303014-main-zoom.jpg?imwidth=612
136,concealer,https://www.sephora.com/product/hourglass-vanish-airbrush-concealer-P454042?skuId=2303071,hourglass,vanish™ airbrush concealer,deep,"normal, dry, combination, and oily",$36.00,https://www.sephora.com/productimages/sku/s2303071-main-zoom.jpg?imwidth=612
137,concealer,https://www.sephora.com/product/hourglass-vanish-airbrush-concealer-P454042?skuId=2303113,hourglass,vanish™ airbrush concealer,extra deep,"normal, dry, combination, and oily",$36.00,https://www.sephora.com/productimages/sku/s2303113-main-zoom.jpg?imwidth=612
138,concealer,https://www.sephora.com/product/double-wear-stay-in-place-flawless-wear-concealer-P379951?icid2=products%20grid:p379951:product&skuId=2228468,estée lauder,double wear stay-in-place flawless longwear cream concealer,very light,"normal, dry, combination, and oily",$32.00,https://www.sephora.com/productimages/sku/s2228468-main-zoom.jpg?imwidth=612
139,concealer,https://www.sephora.com/product/double-wear-stay-in-place-flawless-wear-concealer-P379951?icid2=products%20grid:p379951:product&skuId=1607175,estée lauder,double wear stay-in-place flawless longwear cream concealer,light,"normal, dry, combination, and oily",$32.00,https://www.sephora.com/productimages/sku/s1607175-main-zoom.jpg?imwidth=612
140,concealer,https://www.sephora.com/product/double-wear-stay-in-place-flawless-wear-concealer-P379951?icid2=products%20grid:p379951:product&skuId=1464999,estée lauder,double wear stay-in-place flawless longwear cream concealer,medium,"normal, dry, combination, and oily",$32.00,https://www.sephora.com/productimages/sku/s1464999-main-zoom.jpg?imwidth=612
141,concealer,https://www.sephora.com/product/double-wear-stay-in-place-flawless-wear-concealer-P379951?icid2=products%20grid:p379951:product&skuId=2228435,estée lauder,double wear stay-in-place flawless longwear cream concealer,medium deep,"normal, dry, combination, and oily",$32.00,https://www.sephora.com/productimages/sku/s2228435-main-zoom.jpg?imwidth=612
142,concealer,https://www.sephora.com/product/double-wear-stay-in-place-flawless-wear-concealer-P379951?icid2=products%20grid:p379951:product&skuId=1464973,estée lauder,double wear stay-in-place flawless longwear cream concealer,deep,"normal, dry, combination, and oily",$32.00,https://www.sephora.com/productimages/sku/s1464973-main-zoom.jpg?imwidth=612
143,concealer,https://www.sephora.com/product/double-wear-stay-in-place-flawless-wear-concealer-P379951?icid2=products%20grid:p379951:product&skuId=2228369,estée lauder,double wear stay-in-place flawless longwear cream concealer,extra deep,"normal, dry, combination, and oily",$32.00,https://www.sephora.com/productimages/sku/s2228369-main-zoom.jpg?imwidth=612
144,concealer,https://www.sephora.com/product/radiant-creamy-concealer-P377873?skuId=1478353&icid2=products%20grid:p377873:product,nars,radiant creamy concealer,very light,normal,$15.00,https://www.sephora.com/productimages/sku/s1478353-main-zoom.jpg?imwidth=612
145,concealer,https://www.sephora.com/product/radiant-creamy-concealer-P377873?skuId=2172310&icid2=products%20grid:p377873:product,nars,radiant creamy concealer,light,normal,$15.00,https://www.sephora.com/productimages/sku/s2172310-main-zoom.jpg?imwidth=612
146,concealer,https://www.sephora.com/product/radiant-creamy-concealer-P377873?skuId=1478387&icid2=products%20grid:p377873:product,nars,radiant creamy concealer,medium,normal,$15.00,https://www.sephora.com/productimages/sku/s1478387-main-zoom.jpg?imwidth=612
147,concealer,https://www.sephora.com/product/radiant-creamy-concealer-P377873?skuId=2172351&icid2=products%20grid:p377873:product,nars,radiant creamy concealer,medium deep,normal,$15.00,https://www.sephora.com/productimages/sku/s2172351-main-zoom.jpg?imwidth=612
148,concealer,https://www.sephora.com/product/radiant-creamy-concealer-P377873?skuId=1847144&icid2=products%20grid:p377873:product,nars,radiant creamy concealer,deep,normal,$15.00,https://www.sephora.com/productimages/sku/s1847144-main-zoom.jpg?imwidth=612
149,concealer,https://www.sephora.com/product/radiant-creamy-concealer-P377873?skuId=1478445&icid2=products%20grid:p377873:product,nars,radiant creamy concealer,extra deep,normal,$15.00,https://www.sephora.com/productimages/sku/s1478445-main-zoom.jpg?imwidth=612
150,concealer,https://www.sephora.com/product/kosas-revealer-concealer-P456151?skuId=2429454,kosas,revealer super creamy + brightening concealer with caffeine and hyaluronic acid,very light,"normal, dry, combination, and oily",$30.00,https://www.sephora.com/productimages/sku/s2429454-main-zoom.jpg?imwidth=612
151,concealer,https://www.sephora.com/product/kosas-revealer-concealer-P456151?skuId=2333722,kosas,revealer super creamy + brightening concealer with caffeine and hyaluronic acid,light,"normal, dry, combination, and oily",$30.00,https://www.sephora.com/productimages/sku/s2333722-main-zoom.jpg?imwidth=612
152,concealer,https://www.sephora.com/product/kosas-revealer-concealer-P456151?skuId=2737377,kosas,revealer super creamy + brightening concealer with caffeine and hyaluronic acid,medium,"normal, dry, combination, and oily",$30.00,https://www.sephora.com/productimages/sku/s2737377-main-zoom.jpg?imwidth=612
153,concealer,https://www.sephora.com/product/kosas-revealer-concealer-P456151?skuId=2737385,kosas,revealer super creamy + brightening concealer with caffeine and hyaluronic acid,medium deep,"normal, dry, combination, and oily",$30.00,https://www.sephora.com/productimages/sku/s2737385-main-zoom.jpg?imwidth=612
154,concealer,https://www.sephora.com/product/kosas-revealer-concealer-P456151?skuId=2737419,kosas,revealer super creamy + brightening concealer with caffeine and hyaluronic acid,deep,"normal, dry, combination, and oily",$30.00,https://www.sephora.com/productimages/sku/s2737419-main-zoom.jpg?imwidth=612
155,concealer,https://www.sephora.com/product/kosas-revealer-concealer-P456151?skuId=2429561,kosas,revealer super creamy + brightening concealer with caffeine and hyaluronic acid,extra deep,"normal, dry, combination, and oily",$30.00,https://www.sephora.com/productimages/sku/s2429561-main-zoom.jpg?imwidth=612
156,concealer,https://www.sephora.com/product/born-this-way-super-coverage-multi-use-sculpting-concealer-P432298?skuId=2222982,too faced,born this way super coverage multi-use concealer,very light,normal,$36.00,https://www.sephora.com/productimages/sku/s2222982-main-zoom.jpg?imwidth=315
157,concealer,https://www.sephora.com/product/born-this-way-super-coverage-multi-use-sculpting-concealer-P432298?skuId=2084382,too faced,born this way super coverage multi-use concealer,light,normal,$36.00,https://www.sephora.com/productimages/sku/s2084382-main-zoom.jpg?imwidth=315
158,concealer,https://www.sephora.com/product/born-this-way-super-coverage-multi-use-sculpting-concealer-P432298?skuId=2084457,too faced,born this way super coverage multi-use concealer,medium,normal,$36.00,https://www.sephora.com/productimages/sku/s2084457-main-zoom.jpg?imwidth=315
159,concealer,https://www.sephora.com/product/born-this-way-super-coverage-multi-use-sculpting-concealer-P432298?skuId=2084481,too faced,born this way super coverage multi-use concealer,medium deep,normal,$36.00,https://www.sephora.com/productimages/sku/s2084481-main-zoom.jpg?imwidth=315
160,concealer,https://www.sephora.com/product/born-this-way-super-coverage-multi-use-sculpting-concealer-P432298?skuId=2084523,too faced,born this way super coverage multi-use concealer,deep,normal,$36.00,https://www.sephora.com/productimages/sku/s2084523-main-zoom.jpg?imwidth=315
161,concealer,https://www.sephora.com/product/born-this-way-super-coverage-multi-use-sculpting-concealer-P432298?skuId=2223121,too faced,born this way super coverage multi-use concealer,extra deep,normal,$36.00,https://www.sephora.com/productimages/sku/s2223121-main-zoom.jpg?imwidth=315
162,concealer,https://www.sephora.com/product/triclone-skin-tech-hydrating-concealer-with-fermented-arnica-P507110?skuId=2696995,haus labs by lady gaga,triclone skin tech hydrating + de-puffing concealer with fermented arnica,very light,normal,$32.00,https://www.sephora.com/productimages/sku/s2696995-main-zoom.jpg?imwidth=315
163,concealer,https://www.sephora.com/product/triclone-skin-tech-hydrating-concealer-with-fermented-arnica-P507110?skuId=2696961,haus labs by lady gaga,triclone skin tech hydrating + de-puffing concealer with fermented arnica,light,normal,$32.00,https://www.sephora.com/productimages/sku/s2696961-main-zoom.jpg?imwidth=315
164,concealer,https://www.sephora.com/product/triclone-skin-tech-hydrating-concealer-with-fermented-arnica-P507110?skuId=2696888,haus labs by lady gaga,triclone skin tech hydrating + de-puffing concealer with fermented arnica,medium,normal,$32.00,https://www.sephora.com/productimages/sku/s2696888-main-zoom.jpg?imwidth=315
165,concealer,https://www.sephora.com/product/triclone-skin-tech-hydrating-concealer-with-fermented-arnica-P507110?skuId=2696839,haus labs by lady gaga,triclone skin tech hydrating + de-puffing concealer with fermented arnica,medium deep,normal,$32.00,https://www.sephora.com/productimages/sku/s2696839-main-zoom.jpg?imwidth=315
166,concealer,https://www.sephora.com/product/triclone-skin-tech-hydrating-concealer-with-fermented-arnica-P507110?skuId=2696789,haus labs by lady gaga,triclone skin tech hydrating + de-puffing concealer with fermented arnica,deep,normal,$32.00,https://www.sephora.com/productimages/sku/s2696789-main-zoom.jpg?imwidth=315
167,concealer,https://www.sephora.com/product/triclone-skin-tech-hydrating-concealer-with-fermented-arnica-P507110?skuId=2696698,haus labs by lady gaga,triclone skin tech hydrating + de-puffing concealer with fermented arnica,extra deep,normal,$32.00,https://www.sephora.com/productimages/sku/s2696698-main-zoom.jpg?imwidth=315
168,concealer,https://www.sephora.com/product/laura-mercier-real-flawless-weightless-perfecting-serum-concealer-P509848?skuId=2747814,laura mercier,real flawless weightless perfecting serum concealer,very light,normal,$33.00,https://www.sephora.com/productimages/sku/s2747814-main-zoom.jpg?imwidth=315
169,concealer,https://www.sephora.com/product/laura-mercier-real-flawless-weightless-perfecting-serum-concealer-P509848?skuId=2747913,laura mercier,real flawless weightless perfecting serum concealer,light,normal,$33.00,https://www.sephora.com/productimages/sku/s2747913-main-zoom.jpg?imwidth=315
170,concealer,https://www.sephora.com/product/laura-mercier-real-flawless-weightless-perfecting-serum-concealer-P509848?skuId=2747921,laura mercier,real flawless weightless perfecting serum concealer,medium,normal,$33.00,https://www.sephora.com/productimages/sku/s2747921-main-zoom.jpg?imwidth=315
171,concealer,https://www.sephora.com/product/laura-mercier-real-flawless-weightless-perfecting-serum-concealer-P509848?skuId=2747806,laura mercier,real flawless weightless perfecting serum concealer,medium deep,normal,$33.00,https://www.sephora.com/productimages/sku/s2747806-main-zoom.jpg?imwidth=315
172,concealer,https://www.sephora.com/product/laura-mercier-real-flawless-weightless-perfecting-serum-concealer-P509848?skuId=2747772,laura mercier,real flawless weightless perfecting serum concealer,deep,normal,$33.00,https://www.sephora.com/productimages/sku/s2747772-main-zoom.jpg?imwidth=315
173,concealer,https://www.sephora.com/product/laura-mercier-real-flawless-weightless-perfecting-serum-concealer-P509848?skuId=2747764,laura mercier,real flawless weightless perfecting serum concealer,extra deep,normal,$33.00,https://www.sephora.com/productimages/sku/s2747764-main-zoom.jpg?imwidth=315
174,concealer,https://www.sephora.com/product/fauxfilter-luminous-matte-buildable-coverage-crease-proof-concealer-P500309?skuId=2577591,huda beauty,#fauxfilter matte buildable coverage waterproof concealer,very light,normal,$31.00,https://www.sephora.com/productimages/sku/s2577591-main-zoom.jpg?imwidth=315
175,concealer,https://www.sephora.com/product/fauxfilter-luminous-matte-buildable-coverage-crease-proof-concealer-P500309?skuId=2577641,huda beauty,#fauxfilter matte buildable coverage waterproof concealer,light,normal,$31.00,https://www.sephora.com/productimages/sku/s2577641-main-zoom.jpg?imwidth=315
176,concealer,https://www.sephora.com/product/fauxfilter-luminous-matte-buildable-coverage-crease-proof-concealer-P500309?skuId=2577690,huda beauty,#fauxfilter matte buildable coverage waterproof concealer,medium,normal,$31.00,https://www.sephora.com/productimages/sku/s2577690-main-zoom.jpg?imwidth=315
177,concealer,https://www.sephora.com/product/fauxfilter-luminous-matte-buildable-coverage-crease-proof-concealer-P500309?skuId=2577732,huda beauty,#fauxfilter matte buildable coverage waterproof concealer,medium deep,normal,$31.00,https://www.sephora.com/productimages/sku/s2577732-main-zoom.jpg?imwidth=315
178,concealer,https://www.sephora.com/product/fauxfilter-luminous-matte-buildable-coverage-crease-proof-concealer-P500309?skuId=2577815,huda beauty,#fauxfilter matte buildable coverage waterproof concealer,deep,normal,$31.00,https://www.sephora.com/productimages/sku/s2577815-main-zoom.jpg?imwidth=315
179,concealer,https://www.sephora.com/product/fauxfilter-luminous-matte-buildable-coverage-crease-proof-concealer-P500309?skuId=2577872,huda beauty,#fauxfilter matte buildable coverage waterproof concealer,extra deep,normal,$31.00,https://www.sephora.com/productimages/sku/s2577872-main-zoom.jpg?imwidth=315
180,concealer,https://www.sephora.com/product/rare-beauty-by-selena-gomez-liquid-touch-brightening-concealer-P64546856?skuId=2354132,rare beauty by selena gomez,liquid touch brightening concealer,very light,"normal, dry, combination, and oily",$22.00,https://www.sephora.com/productimages/sku/s2354132-main-zoom.jpg?imwidth=315
181,concealer,https://www.sephora.com/product/rare-beauty-by-selena-gomez-liquid-touch-brightening-concealer-P64546856?skuId=2361640,rare beauty by selena gomez,liquid touch brightening concealer,light,"normal, dry, combination, and oily",$22.00,https://www.sephora.com/productimages/sku/s2361640-main-zoom.jpg?imwidth=315
182,concealer,https://www.sephora.com/product/rare-beauty-by-selena-gomez-liquid-touch-brightening-concealer-P64546856?skuId=2361699,rare beauty by selena gomez,liquid touch brightening concealer,medium,"normal, dry, combination, and oily",$22.00,https://www.sephora.com/productimages/sku/s2361699-main-zoom.jpg?imwidth=315
183,concealer,https://www.sephora.com/product/rare-beauty-by-selena-gomez-liquid-touch-brightening-concealer-P64546856?skuId=2361814,rare beauty by selena gomez,liquid touch brightening concealer,medium deep,"normal, dry, combination, and oily",$22.00,https://www.sephora.com/productimages/sku/s2361814-main-zoom.jpg?imwidth=315
184,concealer,https://www.sephora.com/product/rare-beauty-by-selena-gomez-liquid-touch-brightening-concealer-P64546856?skuId=2361947,rare beauty by selena gomez,liquid touch brightening concealer,deep,"normal, dry, combination, and oily",$22.00,https://www.sephora.com/productimages/sku/s2361947-main-zoom.jpg?imwidth=315
185,concealer,https://www.sephora.com/product/rare-beauty-by-selena-gomez-liquid-touch-brightening-concealer-P64546856?skuId=2362077,rare beauty by selena gomez,liquid touch brightening concealer,extra deep,"normal, dry, combination, and oily",$22.00,https://www.sephora.com/productimages/sku/s2362077-main-zoom.jpg?imwidth=315
186,concealer,https://www.sephora.com/product/saie-slip-tint-radiant-all-over-concealer-with-niacinamide-P510438?skuId=2752020,saie,slip tint radiant all-over concealer with niacinamide,very light,normal,$28.00,https://www.sephora.com/productimages/sku/s2752020-main-zoom.jpg?imwidth=315
187,concealer,https://www.sephora.com/product/saie-slip-tint-radiant-all-over-concealer-with-niacinamide-P510438?skuId=2752053,saie,slip tint radiant all-over concealer with niacinamide,light,normal,$28.00,https://www.sephora.com/productimages/sku/s2752053-main-zoom.jpg?imwidth=315
188,concealer,https://www.sephora.com/product/saie-slip-tint-radiant-all-over-concealer-with-niacinamide-P510438?skuId=2752095,saie,slip tint radiant all-over concealer with niacinamide,medium,normal,$28.00,https://www.sephora.com/productimages/sku/s2752095-main-zoom.jpg?imwidth=315
189,concealer,https://www.sephora.com/product/saie-slip-tint-radiant-all-over-concealer-with-niacinamide-P510438?skuId=2752160,saie,slip tint radiant all-over concealer with niacinamide,medium deep,normal,$28.00,https://www.sephora.com/productimages/sku/s2752160-main-zoom.jpg?imwidth=315
190,concealer,https://www.sephora.com/product/saie-slip-tint-radiant-all-over-concealer-with-niacinamide-P510438?skuId=2752228,saie,slip tint radiant all-over concealer with niacinamide,deep,normal,$28.00,https://www.sephora.com/productimages/sku/s2752228-main-zoom.jpg?imwidth=315
191,concealer,https://www.sephora.com/product/saie-slip-tint-radiant-all-over-concealer-with-niacinamide-P510438?skuId=2752269,saie,slip tint radiant all-over concealer with niacinamide,extra deep,normal,$28.00,https://www.sephora.com/productimages/sku/s2752269-main-zoom.jpg?imwidth=315
192,concealer,https://www.sephora.com/product/lancome-teint-idole-ultra-wear-all-over-full-coverage-concealer-P473717?skuId=2466969,lancôme,teint idole ultra wear all over full coverage concealer,very light,"normal, dry and combination",$29.00,https://www.sephora.com/productimages/sku/s2466969-main-zoom.jpg?imwidth=315
193,concealer,https://www.sephora.com/product/lancome-teint-idole-ultra-wear-all-over-full-coverage-concealer-P473717?skuId=2466928,lancôme,teint idole ultra wear all over full coverage concealer,light,"normal, dry and combination",$29.00,https://www.sephora.com/productimages/sku/s2466928-main-zoom.jpg?imwidth=315
194,concealer,https://www.sephora.com/product/lancome-teint-idole-ultra-wear-all-over-full-coverage-concealer-P473717?skuId=2466860,lancôme,teint idole ultra wear all over full coverage concealer,medium,"normal, dry and combination",$29.00,https://www.sephora.com/productimages/sku/s2466860-main-zoom.jpg?imwidth=315
195,concealer,https://www.sephora.com/product/lancome-teint-idole-ultra-wear-all-over-full-coverage-concealer-P473717?skuId=2466811,lancôme,teint idole ultra wear all over full coverage concealer,medium deep,"normal, dry and combination",$29.00,https://www.sephora.com/productimages/sku/s2466811-main-zoom.jpg?imwidth=315
196,concealer,https://www.sephora.com/product/lancome-teint-idole-ultra-wear-all-over-full-coverage-concealer-P473717?skuId=2466795,lancôme,teint idole ultra wear all over full coverage concealer,deep,"normal, dry and combination",$29.00,https://www.sephora.com/productimages/sku/s2466795-main-zoom.jpg?imwidth=315
197,concealer,https://www.sephora.com/product/lancome-teint-idole-ultra-wear-all-over-full-coverage-concealer-P473717?skuId=2589323,lancôme,teint idole ultra wear all over full coverage concealer,extra deep,"normal, dry and combination",$29.00,https://www.sephora.com/productimages/sku/s2589323-main-zoom.jpg?imwidth=315
198,concealer,https://www.sephora.com/product/dior-dior-forever-skin-correct-concealer-P454348?skuId=2639359,dior,dior forever skin correct full-coverage concealer,very light,normal,$40.00,https://www.sephora.com/productimages/sku/s2639359-main-zoom.jpg?imwidth=315
199,concealer,https://www.sephora.com/product/dior-dior-forever-skin-correct-concealer-P454348?skuId=2639334,dior,dior forever skin correct full-coverage concealer,light,normal,$40.00,https://www.sephora.com/productimages/sku/s2639334-main-zoom.jpg?imwidth=315
200,concealer,https://www.sephora.com/product/dior-dior-forever-skin-correct-concealer-P454348?skuId=2639235,dior,dior forever skin correct full-coverage concealer,medium,normal,$40.00,https://www.sephora.com/productimages/sku/s2639235-main-zoom.jpg?imwidth=315
201,concealer,https://www.sephora.com/product/dior-dior-forever-skin-correct-concealer-P454348?skuId=2639169,dior,dior forever skin correct full-coverage concealer,medium deep,normal,$40.00,https://www.sephora.com/productimages/sku/s2639169-main-zoom.jpg?imwidth=315
202,concealer,https://www.sephora.com/product/dior-dior-forever-skin-correct-concealer-P454348?skuId=2639102,dior,dior forever skin correct full-coverage concealer,deep,normal,$40.00,https://www.sephora.com/productimages/sku/s2639102-main-zoom.jpg?imwidth=315
203,concealer,https://www.sephora.com/product/dior-dior-forever-skin-correct-concealer-P454348?skuId=2639078,dior,dior forever skin correct full-coverage concealer,extra deep,normal,$40.00,https://www.sephora.com/productimages/sku/s2639078-main-zoom.jpg?imwidth=315
204,concealer,https://www.sephora.com/product/skin-full-cover-concealer-P501412?skuId=2595478,bobbi brown,skin full coverage longwear concealer ,very light,normal,$35.00,https://www.sephora.com/productimages/sku/s2595478-main-zoom.jpg?imwidth=315
205,concealer,https://www.sephora.com/product/skin-full-cover-concealer-P501412?skuId=2595668,bobbi brown,skin full coverage longwear concealer ,light,normal,$35.00,https://www.sephora.com/productimages/sku/s2595668-main-zoom.jpg?imwidth=315
206,concealer,https://www.sephora.com/product/skin-full-cover-concealer-P501412?skuId=2595536,bobbi brown,skin full coverage longwear concealer ,medium,normal,$35.00,https://www.sephora.com/productimages/sku/s2595536-main-zoom.jpg?imwidth=315
207,concealer,https://www.sephora.com/product/skin-full-cover-concealer-P501412?skuId=2595577,bobbi brown,skin full coverage longwear concealer ,medium deep,normal,$35.00,https://www.sephora.com/productimages/sku/s2595577-main-zoom.jpg?imwidth=315
208,concealer,https://www.sephora.com/product/skin-full-cover-concealer-P501412?skuId=2595684,bobbi brown,skin full coverage longwear concealer ,deep,normal,$35.00,https://www.sephora.com/productimages/sku/s2595684-main-zoom.jpg?imwidth=315
209,concealer,https://www.sephora.com/product/skin-full-cover-concealer-P501412?skuId=2595643,bobbi brown,skin full coverage longwear concealer ,extra deep,normal,$35.00,https://www.sephora.com/productimages/sku/s2595643-main-zoom.jpg?imwidth=315
210,concealer,https://www.sephora.com/product/true-skin-serum-concealer-P441873?skuId=2442093,ilia,true skin serum concealer with vitamin c,very light,normal,$32.00,https://www.sephora.com/productimages/sku/s2442093-main-zoom.jpg?imwidth=315
211,concealer,https://www.sephora.com/product/true-skin-serum-concealer-P441873?skuId=2250876,ilia,true skin serum concealer with vitamin c,light,normal,$32.00,https://www.sephora.com/productimages/sku/s2250876-main-zoom.jpg?imwidth=315
212,concealer,https://www.sephora.com/product/true-skin-serum-concealer-P441873?skuId=2196855,ilia,true skin serum concealer with vitamin c,medium,normal,$32.00,https://www.sephora.com/productimages/sku/s2196855-main-zoom.jpg?imwidth=315
213,concealer,https://www.sephora.com/product/true-skin-serum-concealer-P441873?skuId=2334795,ilia,true skin serum concealer with vitamin c,medium deep,normal,$32.00,https://www.sephora.com/productimages/sku/s2334795-main-zoom.jpg?imwidth=315
214,concealer,https://www.sephora.com/product/true-skin-serum-concealer-P441873?skuId=2442150,ilia,true skin serum concealer with vitamin c,deep,normal,$32.00,https://www.sephora.com/productimages/sku/s2442150-main-zoom.jpg?imwidth=315
215,concealer,https://www.sephora.com/product/true-skin-serum-concealer-P441873?skuId=2442168,ilia,true skin serum concealer with vitamin c,extra deep,normal,$32.00,https://www.sephora.com/productimages/sku/s2442168-main-zoom.jpg?imwidth=315
216,concealer,https://www.sephora.com/product/fenty-beauty-rihanna-we-re-even-hydrating-longwear-concealer-P509852?skuId=2746378,fenty beauty by rihanna,we're even hydrating longwear waterproof concealer,very light,normal,$30.00,https://www.sephora.com/productimages/sku/s2746378-main-zoom.jpg?imwidth=315
217,concealer,https://www.sephora.com/product/fenty-beauty-rihanna-we-re-even-hydrating-longwear-concealer-P509852?skuId=2746709,fenty beauty by rihanna,we're even hydrating longwear waterproof concealer,light,normal,$30.00,https://www.sephora.com/productimages/sku/s2746709-main-zoom.jpg?imwidth=315
218,concealer,https://www.sephora.com/product/fenty-beauty-rihanna-we-re-even-hydrating-longwear-concealer-P509852?skuId=2746121,fenty beauty by rihanna,we're even hydrating longwear waterproof concealer,medium,normal,$30.00,https://www.sephora.com/productimages/sku/s2746121-main-zoom.jpg?imwidth=315
219,concealer,https://www.sephora.com/product/fenty-beauty-rihanna-we-re-even-hydrating-longwear-concealer-P509852?skuId=2745891,fenty beauty by rihanna,we're even hydrating longwear waterproof concealer,medium deep,normal,$30.00,https://www.sephora.com/productimages/sku/s2745891-main-zoom.jpg?imwidth=315
220,concealer,https://www.sephora.com/product/fenty-beauty-rihanna-we-re-even-hydrating-longwear-concealer-P509852?skuId=2746253,fenty beauty by rihanna,we're even hydrating longwear waterproof concealer,deep,normal,$30.00,https://www.sephora.com/productimages/sku/s2746253-main-zoom.jpg?imwidth=315
221,concealer,https://www.sephora.com/product/fenty-beauty-rihanna-we-re-even-hydrating-longwear-concealer-P509852?skuId=2746568,fenty beauty by rihanna,we're even hydrating longwear waterproof concealer,extra deep,normal,$30.00,https://www.sephora.com/productimages/sku/s2746568-main-zoom.jpg?imwidth=315
222,concealer,https://www.sephora.com/product/future-fluid-all-over-cream-concealer-P500448?skuId=2596070,milk makeup,future fluid creamy longwear hydrating concealer with hyaluronic acid,very light,normal,$30.00,https://www.sephora.com/productimages/sku/s2596070-main-zoom.jpg?imwidth=315
223,concealer,https://www.sephora.com/product/future-fluid-all-over-cream-concealer-P500448?skuId=2596112,milk makeup,future fluid creamy longwear hydrating concealer with hyaluronic acid,light,normal,$30.00,https://www.sephora.com/productimages/sku/s2596112-main-zoom.jpg?imwidth=315
224,concealer,https://www.sephora.com/product/future-fluid-all-over-cream-concealer-P500448?skuId=2596153,milk makeup,future fluid creamy longwear hydrating concealer with hyaluronic acid,medium,normal,$30.00,https://www.sephora.com/productimages/sku/s2596153-main-zoom.jpg?imwidth=315
225,concealer,https://www.sephora.com/product/future-fluid-all-over-cream-concealer-P500448?skuId=2596211,milk makeup,future fluid creamy longwear hydrating concealer with hyaluronic acid,medium deep,normal,$30.00,https://www.sephora.com/productimages/sku/s2596211-main-zoom.jpg?imwidth=315
226,concealer,https://www.sephora.com/product/future-fluid-all-over-cream-concealer-P500448?skuId=2596278,milk makeup,future fluid creamy longwear hydrating concealer with hyaluronic acid,deep,normal,$30.00,https://www.sephora.com/productimages/sku/s2596278-main-zoom.jpg?imwidth=315
227,concealer,https://www.sephora.com/product/future-fluid-all-over-cream-concealer-P500448?skuId=2596351,milk makeup,future fluid creamy longwear hydrating concealer with hyaluronic acid,extra deep,normal,$30.00,https://www.sephora.com/productimages/sku/s2596351-main-zoom.jpg?imwidth=315
228,concealer,https://www.sephora.com/product/surrealskin-tm-awakening-concealer-P507792?skuId=2681922&icid2=products%20grid:p507792:product,makeup by mario,surrealskin™ awakening concealer,very light,normal,$29.00,https://www.sephora.com/productimages/sku/s2681922-main-zoom.jpg?imwidth=315
229,concealer,https://www.sephora.com/product/surrealskin-tm-awakening-concealer-P507792?skuId=2681955,makeup by mario,surrealskin™ awakening concealer,light,normal,$29.00,https://www.sephora.com/productimages/sku/s2681955-main-zoom.jpg?imwidth=315
230,concealer,https://www.sephora.com/product/surrealskin-tm-awakening-concealer-P507792?skuId=2682003,makeup by mario,surrealskin™ awakening concealer,medium,normal,$29.00,https://www.sephora.com/productimages/sku/s2682003-main-zoom.jpg?imwidth=315
231,concealer,https://www.sephora.com/product/surrealskin-tm-awakening-concealer-P507792?skuId=2682052,makeup by mario,surrealskin™ awakening concealer,medium deep,normal,$29.00,https://www.sephora.com/productimages/sku/s2682052-main-zoom.jpg?imwidth=315
232,concealer,https://www.sephora.com/product/surrealskin-tm-awakening-concealer-P507792?skuId=2682094,makeup by mario,surrealskin™ awakening concealer,deep,normal,$29.00,https://www.sephora.com/productimages/sku/s2682094-main-zoom.jpg?imwidth=315
233,concealer,https://www.sephora.com/product/surrealskin-tm-awakening-concealer-P507792?skuId=2682136,makeup by mario,surrealskin™ awakening concealer,extra deep,normal,$29.00,https://www.sephora.com/productimages/sku/s2682136-main-zoom.jpg?imwidth=315
234,concealer,https://www.sephora.com/product/refy-beauty-refy-brightening-blurring-serum-concealer-with-plant-derived-squalene-P511534?skuId=2763373,refy,brightening and blurring serum concealer with plant-derived squalene,very light,normal,$26.00,https://www.sephora.com/productimages/sku/s2763373-main-zoom.jpg?imwidth=315
235,concealer,https://www.sephora.com/product/refy-beauty-refy-brightening-blurring-serum-concealer-with-plant-derived-squalene-P511534?skuId=2763175,refy,brightening and blurring serum concealer with plant-derived squalene,light,normal,$26.00,https://www.sephora.com/productimages/sku/s2763175-main-zoom.jpg?imwidth=315
236,concealer,https://www.sephora.com/product/refy-beauty-refy-brightening-blurring-serum-concealer-with-plant-derived-squalene-P511534?skuId=2763340,refy,brightening and blurring serum concealer with plant-derived squalene,medium,normal,$26.00,https://www.sephora.com/productimages/sku/s2763340-main-zoom.jpg?imwidth=315
237,concealer,https://www.sephora.com/product/refy-beauty-refy-brightening-blurring-serum-concealer-with-plant-derived-squalene-P511534?skuId=2763183,refy,brightening and blurring serum concealer with plant-derived squalene,medium deep,normal,$26.00,https://www.sephora.com/productimages/sku/s2763183-main-zoom.jpg?imwidth=315
238,concealer,https://www.sephora.com/product/refy-beauty-refy-brightening-blurring-serum-concealer-with-plant-derived-squalene-P511534?skuId=2763332,refy,brightening and blurring serum concealer with plant-derived squalene,deep,normal,$26.00,https://www.sephora.com/productimages/sku/s2763332-main-zoom.jpg?imwidth=315
239,concealer,https://www.sephora.com/product/refy-beauty-refy-brightening-blurring-serum-concealer-with-plant-derived-squalene-P511534?skuId=2783272,refy,brightening and blurring serum concealer with plant-derived squalene,extra deep,normal,$26.00,https://www.sephora.com/productimages/sku/s2783272-main-zoom.jpg?imwidth=315
240,concealer,https://www.sephora.com/product/givenchy-prisme-libre-skin-caring-24h-hydrating-radiant-correcting-creamy-concealer-P505129?skuId=2636868,givenchy,prisme libre skin-caring 24h hydrating + radiant + correcting creamy concealer,very light,normal,$39.00,https://www.sephora.com/productimages/sku/s2636868-main-zoom.jpg?imwidth=315
241,concealer,https://www.sephora.com/product/givenchy-prisme-libre-skin-caring-24h-hydrating-radiant-correcting-creamy-concealer-P505129?skuId=2636900,givenchy,prisme libre skin-caring 24h hydrating + radiant + correcting creamy concealer,light,normal,$39.00,https://www.sephora.com/productimages/sku/s2636900-main-zoom.jpg?imwidth=315
242,concealer,https://www.sephora.com/product/givenchy-prisme-libre-skin-caring-24h-hydrating-radiant-correcting-creamy-concealer-P505129?skuId=2636942,givenchy,prisme libre skin-caring 24h hydrating + radiant + correcting creamy concealer,medium,normal,$39.00,https://www.sephora.com/productimages/sku/s2636942-main-zoom.jpg?imwidth=315
243,concealer,https://www.sephora.com/product/givenchy-prisme-libre-skin-caring-24h-hydrating-radiant-correcting-creamy-concealer-P505129?skuId=2637023,givenchy,prisme libre skin-caring 24h hydrating + radiant + correcting creamy concealer,medium deep,normal,$39.00,https://www.sephora.com/productimages/sku/s2637023-main-zoom.jpg?imwidth=315
244,concealer,https://www.sephora.com/product/givenchy-prisme-libre-skin-caring-24h-hydrating-radiant-correcting-creamy-concealer-P505129?skuId=2637056,givenchy,prisme libre skin-caring 24h hydrating + radiant + correcting creamy concealer,deep,normal,$39.00,https://www.sephora.com/productimages/sku/s2637056-main-zoom.jpg?imwidth=315
245,concealer,https://www.sephora.com/product/givenchy-prisme-libre-skin-caring-24h-hydrating-radiant-correcting-creamy-concealer-P505129?skuId=2636785,givenchy,prisme libre skin-caring 24h hydrating + radiant + correcting creamy concealer,extra deep,normal,$39.00,https://www.sephora.com/productimages/sku/s2636785-main-zoom.jpg?imwidth=315
